,v0,v1,v2,v3,v4,v5,v6,v7,v8
0,1.6311985651201741,-91.33406750789284,136.3665960520984,16,20,0,134,-12.839137323346037,137.0
1,0.1709430447099316,19.57680481824651,-168.17301886720293,1,8,4,164,-17.84438794544088,154.2
2,0.7004630580287325,48.971742979119995,105.11410300650977,1,1,5,114,-18.3500731150635,156.4
3,-0.6498270690086181,-64.72731640567449,95.7365050959605,1,36,1,113,-13.069634384169941,157.6
4,-0.9813463622043117,-48.59767087218964,97.51563304872384,1,58,3,151,-21.646357992066157,148.8
5,0.6173504561957754,-30.474424575499846,45.11516999309076,1,26,2,183,-18.773190148359976,128.0
6,-1.2236417319833213,302.0792337564069,-92.0758673526604,1,74,1,139,-8.333979130642506,137.2
7,0.9673546237025437,124.89534701274212,58.28256359370635,1,68,0,144,-23.1747821398957,172.4
8,0.9807967031323104,67.10909693094925,115.15747791254907,1,11,3,139,-25.090681516327944,154.6
9,0.8380309029783701,-48.061603882607365,27.738210572942705,1,34,2,162,-15.494572287208467,178.8
10,-1.1803363722566407,-59.68692366616203,88.00525561791856,1,30,3,157,-16.192093696614425,121.0
11,-0.9321925921979939,91.72776332144194,115.43633780834126,1,36,2,165,-18.364736237413485,145.2
12,-0.7363928442998975,-33.129802514807196,-28.812715981447255,1,26,3,154,-21.305630669468144,149.4
13,0.09095620222031231,47.69127178897476,-86.25432119352116,1,31,3,145,-22.58088897096885,178.6
14,-0.5794064612087593,140.69038028656243,22.751784285188034,1,41,3,124,-9.991964191207847,174.8
15,-1.3769355588518772,-67.94394957197287,127.90724075038334,3,17,2,160,-13.609499740641379,150.0
16,-1.5282499499043327,83.44945860616642,-0.830794272839153,2,12,4,132,-15.225179874302915,164.2
17,1.2003589883755952,236.16141055241312,120.23280888361153,1,55,1,191,-23.88690696028597,161.4
18,1.581825272444358,-18.37845382973306,39.06890664612798,1,31,1,158,-10.788621888475781,108.6
19,-0.6736511606414122,-8.44433826203779,44.15059229581235,1,26,3,157,-17.097117367414114,138.8
20,0.03529807973803223,5.193166780082947,-322.3167161227221,2,26,4,119,-22.68909413287116,161.0
21,0.40468758396762894,-62.954511110975396,103.39011285076856,1,20,1,161,-21.929185608496635,150.2
22,1.5374132672883793,45.456686575084746,27.670800178926896,1,38,0,155,-22.670655287451527,194.4
23,0.14255636044943065,346.3605797362213,6.502078335105225,1,70,2,137,-8.574310049925922,178.6
24,1.9544265218249164,-20.43141985601708,17.885875752349634,1,34,3,144,-27.7770130723243,146.8
25,1.325678055234511,-72.30236121149977,100.35214302108488,1,33,3,146,-16.599531488387637,106.0
26,1.7867109227906965,-185.65906266681438,16.236416823063703,1,37,1,154,-20.08068615361408,156.2
27,-0.7181662177170365,-15.540940417336554,-7.762656163951975,10,25,2,134,-22.682373583242597,139.4
28,-0.17974832418020448,-107.86390007796301,-29.48974290265806,1,61,2,175,-28.121701974517773,183.6
29,-0.4643070981650692,6.759465764827231,77.64112967862974,1,7,3,132,-25.505241685017356,161.8
30,1.3030932689648815,-123.76078458329862,103.41529890578536,2,46,3,175,-11.80881861497016,175.0
31,0.1628168297107484,-50.203674149779566,115.80049977246244,1,20,2,164,-36.222793562912834,170.2
32,-0.6426197596482965,-85.2523597209607,-13.151002792369814,1,38,5,94,-27.886363121367488,163.4
33,-0.6589184611663903,-95.89608386548116,-7.188272859248021,1,19,1,157,-11.55337182549659,119.6
34,1.59958376463321,-1.716534139893262,-4.718160770831153,1,29,1,164,-22.17940471025324,139.8
35,0.12300574530782438,-42.491801592003796,-115.74247970005642,4,-11,3,145,-32.993480724204865,159.0
36,-1.2257878254017007,129.84073625985607,-156.57770447459606,1,20,4,143,-19.1016387682461,147.2
37,-1.4036606255478365,-100.45905299089199,80.98091240981894,1,5,5,154,-26.095171939205965,145.4
38,-0.08035853065310272,-54.71575889188484,66.75967072171066,1,50,1,144,-15.187902357815034,202.6
39,1.0481411378561099,-84.69933298496112,-366.49106219653277,1,17,3,112,-30.602633381850463,148.8
40,-1.0162659928860291,-91.87720190789895,73.51926371651511,1,15,0,158,-30.30492715932654,179.0
41,0.1501548660019103,90.93905184988968,42.3104417658785,1,23,3,167,-20.36747235153316,188.2
42,1.4777726810587866,-164.18643896611567,-202.43020238513472,1,51,4,179,-25.2517468015736,150.4
43,-0.35143592603225793,-164.65824496856993,68.46291765226269,38,-14,2,169,-27.083440413092028,161.6
44,0.8820068320131531,103.30193546919344,-140.97228573231274,1,24,3,147,-32.91552223456682,160.8
45,0.8826252174122016,-34.459782931069626,99.54725180113559,1,20,1,150,-20.489407194549095,177.0
46,-0.4612010469847032,-34.93480217864089,31.766200812201756,1,42,2,140,-9.330124234624297,140.2
47,0.1562796279029781,61.65811736308798,91.49519249053542,2,-29,2,126,-22.284142588383098,195.4
48,-1.9241712647684142,-36.172976495731184,35.51991850044911,1,66,1,157,-26.2924370543036,180.6
49,-1.1422417959636721,-41.859390988226416,90.79058833331143,1,15,1,187,-21.154471213213064,132.8
50,0.013325274424816236,41.69140504710229,64.89665488169358,3,0,3,143,-17.724561744052238,143.0
51,-0.4234873238087222,-47.82344832279005,80.03325680923375,1,28,2,163,-25.56974741927198,170.2
52,-1.0228998223802863,-157.16545694145495,-16.778972338994123,5,14,3,132,-19.216717077877632,138.4
53,1.3815606851820585,92.38067157955057,-156.42578403497893,1,31,2,145,-22.54388016064189,176.6
54,0.205373230888795,-15.959733761744378,61.552743654407,1,30,3,142,-29.613743176448523,144.8
55,-0.06285548801371688,31.292399082055944,40.8234037250678,1,21,3,145,-40.07501412690439,146.0
56,-0.4697756525477854,152.81574647533276,-21.676729682729153,3,-11,1,133,-34.13136948343282,176.2
57,-1.2248716371058492,8.281294126086108,85.06511219960517,2,50,3,153,-27.326794961274715,166.4
58,-1.1859507539233065,-68.31254422945176,-80.16472848271611,1,69,2,168,-13.566695489352046,155.6
59,-1.123788508257343,130.7006470659868,-22.685380662624404,1,2,2,119,-17.991686671057025,124.8
60,-1.4642375828205711,-21.536420472888018,-201.29298662497374,1,33,1,118,-15.22862943304866,133.0
61,-0.437573829685344,-32.75960394812885,-116.0594597995664,1,41,6,149,-29.431007293759254,173.2
62,1.1787987198637468,-53.319915995629366,-88.68254634943607,1,19,3,144,-20.86187441420876,163.4
63,-1.9155801387953004,135.74437223762718,-0.4814131018799239,2,9,2,127,-31.99895491306407,168.6
64,0.5668512714566858,-81.2670061642182,76.1964493554336,1,15,0,186,-15.91374864386487,180.8
65,-0.8726095613016782,-11.085836192791621,19.77860633703912,1,59,1,123,-24.741498693582365,167.0
66,0.8121320501433917,-51.215300882551254,-119.60244992224989,1,46,4,139,-10.599720237695266,158.2
67,-0.7402989194593683,115.57334267685391,8.602942014837254,2,33,4,143,-14.208859137951595,147.4
68,-0.1516170379148818,191.2980204266783,51.25579370641611,1,22,1,145,-15.643546990605934,149.6
69,1.5316806307273967,1.919513074277099,79.56312133063552,1,16,1,193,-12.389756049672478,154.8
70,1.2182229261994184,-14.864305068068893,-38.819956700121125,1,35,4,151,-43.44364734948881,169.0
71,-1.899196436992311,176.9740515677797,37.59143122985999,1,40,1,149,-27.038174419958395,174.2
72,1.0740983568753633,-159.0979891052952,100.00136666806434,1,19,3,161,-39.047103224742344,157.4
73,-1.895229083165984,-58.992194422828824,-156.68225856843415,1,28,1,164,-14.13099102053408,176.6
74,-1.9981159418581274,104.6049054323021,-25.339696040013106,1,36,1,138,-23.439681174216147,186.8
75,0.20326900599692754,-87.22598206970741,-269.238744462823,1,-13,3,178,-33.799259607162256,176.0
76,-1.8794355068371633,-12.5050672228546,-193.9376600400935,1,19,2,150,-32.395230550595265,142.2
77,-0.43783659037386125,-33.238588964441796,-143.00950273230185,2,40,3,151,-27.141578486864532,173.4
78,-0.5553155301525234,301.2873684381295,-27.674853152848815,1,50,3,159,-28.44960777683118,171.6
79,-0.08542509438003387,-78.53850121278435,84.50277628633779,2,57,1,142,-38.07620553311963,148.8
80,1.8864654064880875,-40.17278884747623,147.64281892459925,1,56,2,183,-24.012911839421033,182.0
81,-1.7199497547551479,141.39917907348175,3.013970109182155,1,68,3,182,-21.24815579953931,179.2
82,-0.13487740895680522,-31.99897965145313,-4.668669680698699,1,77,1,180,-24.377920927310573,170.4
83,-0.9802982242352694,-29.32035188091728,85.36400673602358,1,25,1,164,-14.38416996027388,146.6
84,-0.05164743076001077,-65.23301783814462,-16.57041194216629,1,10,2,134,-19.807183797303317,168.8
85,1.6711498455268745,-33.06741541714528,-172.68628695173874,2,22,0,150,-12.451786653274688,149.0
86,1.4989627915294106,7.785884405793052,23.357887802927735,1,55,3,152,-44.265269819282985,156.2
87,-1.0818480779011606,-109.93799506782868,128.2123713303162,1,36,2,148,-8.324828619598676,134.4
88,1.7903962875722428,-29.997809033432222,-282.1165515328024,1,33,4,120,-24.953256454850887,145.6
89,-0.5419937816900173,-16.125600540451643,120.41645995769503,1,15,2,161,-4.1653601801145115,154.8
90,-0.8486158946306586,55.41708416327985,-76.50470872739797,1,0,2,152,-4.798786484955478,144.0
91,-0.7350301168531224,55.09386270537523,85.27356312279832,1,33,3,137,-34.9931750472248,191.2
92,0.33211868624824925,61.18294014693113,66.59148994079365,1,25,2,134,-18.79955892435462,154.4
93,-1.9049309209235874,22.26293665807595,129.95154143993435,1,17,1,162,-20.60272699386402,165.6
94,1.5681490522717687,-139.877822974632,-208.79975156600085,2,-13,1,145,-25.941377411975388,160.8
95,-1.0209248937751365,68.96723957675518,-3.1070770019863407,2,15,2,149,-17.67912227321503,125.0
96,-1.4892217465978548,-112.55370307583811,129.1819513128084,1,28,0,169,-12.730769798404928,130.2
97,0.7610335420560408,12.829012894736127,128.70824045261057,1,59,1,188,-29.271685942965984,175.4
98,0.3298752473841411,32.59425459595357,-59.47271714749408,1,27,2,127,-30.75074789470855,160.6
99,-1.9153470952372174,-62.43434670955651,82.40528543642185,4,9,1,152,-35.15540141068891,191.8
100,-0.9044343046587704,0.5402153784603893,45.806131294162995,1,31,2,136,-23.302601015057554,181.0
101,0.7924469982832196,113.19230486109879,111.87463856825049,1,45,1,181,-11.635603852271176,166.2
102,-1.4472314973458458,104.91871754327971,9.799824451432052,1,63,6,146,-18.78684849656824,155.4
103,-1.7879884255883072,59.60846576100337,-5.116110168560413,1,38,1,123,-28.276223133727072,187.6
104,1.2263494203541776,-143.4053461698601,43.21308081567641,1,35,3,110,-25.11667767358614,147.8
105,-1.4569458070413392,120.7649527793288,44.88155081163329,1,48,2,161,-16.1676372869398,183.0
106,1.9081051848530097,-21.323794947254964,-113.28573714723215,1,36,3,173,-14.923906100439455,139.2
107,1.2164498834726727,130.7499267118511,31.836655605135544,1,41,3,152,-20.49886321801425,188.4
108,0.9064026203689575,43.49133258432075,88.50999199757192,1,46,4,180,-27.950585722463995,183.6
109,1.556687805329306,328.44945264628905,35.038435310612265,1,44,1,133,-16.023052457903496,185.8
110,0.5160543981081989,182.57670133218264,101.42130140512057,1,27,0,146,-11.842417484399062,135.0
111,-1.9818997390339446,34.84409879698639,-92.98378273382966,2,76,3,132,-11.05779802883627,183.2
112,0.323678965008829,-153.9101813460731,53.67337423022528,2,45,2,131,-24.541107125108006,176.4
113,-1.9862787778669255,-92.97339875250451,1.1570828985032457,1,39,0,180,-27.211547780935234,161.6
114,1.7589074838879348,31.506948746832208,58.04482857902558,1,-2,3,140,-19.65676533499538,172.8
115,1.4877688312804311,-74.96259976354047,33.29612068492687,1,82,1,183,-22.668740972788974,156.0
116,0.45264038834749787,8.51397255553462,-17.057937802688524,2,-1,1,149,-22.543520882670624,148.2
117,-1.8325606697225503,172.0446345892548,43.97846635105129,2,41,1,159,-24.604710028923222,175.4
118,1.1203397712278438,-42.01428268532148,-77.68704354799519,1,41,0,193,-0.03449383246796245,176.6
119,-1.0086394116971307,-49.189699067956994,-13.677109615142207,1,25,3,178,-38.228773112410934,153.8
120,1.8588388709105002,3.352805116190845,-11.189510707900117,1,43,2,135,-25.983991804049666,156.0
121,-1.792197717902099,1.4137847880211707,-140.84075931031526,1,33,0,131,-11.662233875994945,194.2
122,1.9035134149941184,-31.455204110793083,96.27274937858351,1,49,2,151,-30.62654531963757,176.4
123,1.8815097093358686,89.78136640678589,100.80778395087681,1,28,2,200,9.42739284659502,203.6
124,1.5300570640624649,-125.39304810330275,116.69714743534581,1,12,1,170,-9.585356327261927,187.8
125,0.680977369602755,14.033514818184385,-47.463197381587705,2,43,2,126,-22.961207473965356,164.0
126,1.946860194383858,-27.02064330126859,-10.632346261742638,1,49,2,123,-5.24311599566351,171.2
127,-1.79628110533524,17.455339871153978,-39.10810248518919,1,40,1,184,-33.5294102491709,180.4
128,-0.659905398592294,-6.5060183812817725,-28.264299752183298,1,18,1,129,-15.433738382084004,195.6
129,-0.2990930672081413,-118.65354331356188,-189.0083305952894,1,14,4,103,-34.284176134960916,156.8
130,1.2927490975192666,38.02636527415804,63.22935085730531,1,29,0,130,-27.541868331612047,183.0
131,1.9696941752794324,-141.6217845317412,14.171084059886999,1,20,1,142,-19.911156614420232,187.2
132,0.39888364771964824,-60.11437246364157,112.94513776248472,1,18,1,154,-47.57367322199099,170.4
133,1.7386626610761478,-8.118535003079117,88.50935295293678,1,35,4,194,-17.016424781537296,199.6
134,1.8853668926859628,164.90405084520387,-31.30774412545036,1,16,4,155,-27.020545178073057,203.8
135,-0.7981927554647008,-109.7614896511343,5.082699355864259,1,34,0,157,-3.1135612657401843,189.0
136,-0.16639165193335304,-98.64641283162587,39.802150503514234,1,50,4,143,-20.902728836694283,196.2
137,0.8794647051151498,-115.42014235793255,36.10984029196611,1,36,2,153,-35.68382678742228,212.4
138,0.37163661560161687,292.80243004149685,-69.79775184069241,5,0,2,177,-12.479540202658692,194.6
139,-0.8972662727591971,7.666809356455712,59.24570513459725,1,8,3,177,-21.07108654437804,180.8
140,-0.17250983488902483,-55.91622075746968,6.875172243568299,1,63,0,136,-20.073860419227255,166.0
141,-1.1869504334716354,151.35084508927082,2.0013343635332825,1,31,0,144,-17.34639797238876,179.2
142,-1.3186889635949743,-65.34064265198744,-98.31010860837132,1,2,2,133,-32.230552147985996,183.4
143,0.7325084240106201,-79.09770159673072,145.15162797068902,1,55,1,162,-21.142744795907984,176.6
144,-0.09122696940657304,-38.39359024745042,29.836946460765425,1,27,1,184,-12.201154701782468,172.8
145,0.8550714138247231,379.68758403622,62.91424643841127,1,34,2,132,-31.167107998739322,176.0
146,-0.9928433883107579,-135.14027371299,131.17038033217233,1,16,2,145,-11.180022067301108,186.2
147,0.8695368403462909,55.821315252114445,-41.316067082365464,1,20,1,147,-22.267334081878698,161.4
148,0.9129644633931795,-80.71780614790227,36.65049192888472,1,30,3,164,-16.931538561593026,172.6
149,-1.878258327261776,-15.617105654115496,42.72379959111732,1,37,1,147,-14.55676390977646,196.8
150,-1.0677082111749097,-29.487496496303432,-31.90470604092438,1,25,1,187,-22.744751271240666,200.0
151,-0.22863717415633644,-63.88090786229632,-72.0013040331808,1,5,3,149,-22.623791950571167,157.2
152,0.33302289022259846,22.06497316437835,100.75630134577538,3,48,2,125,-7.764507498743079,184.4
153,1.6631427992211658,-105.95136509357322,-99.07019762494693,1,49,3,154,-11.059691043725381,174.6
154,-0.5092617371976327,-16.74496035604676,-148.1102384423682,1,30,3,154,-20.899281075736727,184.8
155,0.5110481509755402,93.272109190079,-59.1703234595811,1,26,2,153,-22.07070090217281,207.0
156,1.7285347486270597,-6.136778566782008,30.57925425353445,1,66,2,127,-24.90387693626686,187.2
157,1.4118119188958285,-115.17117968711756,-73.06484059777975,1,45,3,162,-34.45284103453625,153.4
158,1.7729320878951076,-21.065128619530636,-1.6014772037703449,1,34,2,138,-25.217867425404513,156.6
159,-1.5008657178459002,-28.044911067765,-2.809072923511988,1,54,4,140,-25.690144796360663,182.8
160,-1.5674288479759793,-14.253762738306808,57.48227606553819,1,32,2,128,-27.367083447692877,165.0
161,-1.2068594562223245,13.821611064403584,92.63909688500559,1,47,2,130,-28.256914492556476,170.2
162,-0.6477954849438974,31.196186502958597,-234.94566019354926,1,39,1,167,-18.501589016346728,179.4
163,-1.5236234946642764,291.8321848964375,112.81797703940086,1,21,2,147,-0.665712019965568,171.6
164,0.9847199813412826,-106.16345556432358,88.5741018327023,1,17,1,100,-26.927075537996082,189.8
165,-0.1428674541379138,-126.38240871555206,129.12189606040505,1,0,5,136,-19.84827106208715,182.0
166,1.5669358237502844,196.38702667972174,48.31453383349572,1,40,2,125,-22.815455622957685,188.2
167,0.7241106323839572,-39.68652941807742,-62.383818829260065,8,15,0,166,-9.42195679838875,196.4
168,0.09078584052437888,160.89400766474932,-261.30066130191216,1,21,2,155,-25.914561670530087,179.6
169,0.826109878957769,-132.92642902571566,-57.56483846040696,1,39,1,141,-22.922733867140167,180.8
170,1.650864835674264,-91.35052666218732,-24.545541438871517,1,34,3,134,-13.324145385542025,139.0
171,1.1455585707218239,-60.73165626526363,-75.37518461082365,2,37,3,140,-18.12841343236834,136.2
172,0.6020466644997424,-70.75731171161358,-217.84279795005457,2,48,2,187,-6.449790499049728,187.4
173,1.5137112260565213,-102.06041580536814,96.28215658283095,1,57,4,142,-24.343906522470952,179.6
174,1.5040485461489603,-159.64567054777618,-160.95150568278837,1,36,2,183,-5.773685777108803,164.8
175,0.12873149830763086,131.2144921110492,-214.45186935407153,1,20,2,172,-15.157351111837247,229.0
176,0.3567177165953943,149.13635215314108,-3.4966531273658843,1,17,3,136,-33.66377517656366,196.2
177,-1.0000893719810016,-141.33907774936088,76.97696071392822,1,60,2,152,-14.067693006151806,190.4
178,0.6606391510920138,124.36469071576506,-245.35664340417435,1,14,5,137,-12.200797505643004,207.6
179,0.6145360626735936,-85.7069434863168,118.64397395044072,1,59,1,162,-25.034845475613118,165.8
180,1.3389953160401165,-79.58231869645373,-34.9001619380687,1,-10,5,168,-9.736444638896103,162.0
181,-1.860207507386396,-116.7597141703602,71.639092639857,1,14,2,179,-32.5820241625634,208.2
182,-0.4687014912135665,-42.00203983689235,-31.406316419129464,1,35,2,136,-26.62212048083495,176.4
183,-1.4411843569139866,80.19892653602348,113.63597044423757,3,56,4,166,-27.342992176493507,173.6
184,-1.5817599435356837,-80.61549522144234,-89.44133886190653,1,35,2,145,-27.33324570878394,157.8
185,-0.32189672354148824,-6.206043067016235,-125.16851186086579,1,-1,3,106,-14.130572868837593,183.0
186,-0.8728213191485907,9.564535506546239,-4.947487698575151,1,20,3,153,-9.964656894098798,197.2
187,-1.037566139350985,96.99209600832451,47.3849703538863,1,41,2,157,-20.1809761593014,195.4
188,1.357468324711323,94.34772300543706,-59.98625410266648,1,19,0,128,-28.510701139349614,166.6
189,0.9578250361566298,-56.73030650863659,-155.09390430240632,3,20,2,157,-21.066933199270064,199.8
190,0.5380575764958269,-10.352574959926605,16.76469204092928,1,28,2,151,-1.950223706831924,181.0
191,0.31279345486656407,50.00570736270667,12.65413337854446,1,1,1,160,-37.05600949444728,177.2
192,-1.1279481306736727,-96.48409088351872,127.25856556320507,1,43,1,145,-7.76511007841812,171.4
193,-1.2953556897275513,-66.38631318544144,15.319625447958964,1,23,2,174,-24.715612088869108,193.6
194,-1.2857983709975116,-20.40748300827254,51.64951539073088,1,4,3,168,-13.267023937867867,194.8
195,1.7903135839373312,31.108809273476716,-37.4144112504534,1,31,3,160,-19.07621285445317,189.0
196,0.35578742889420445,-188.69198480779247,-58.45700056735207,1,-27,2,159,-22.841242317783934,198.2
197,-0.8302331798600209,1.657348228522793,32.94728257096513,1,76,6,157,-26.35001268562303,199.4
198,0.6381236360544928,70.56525119886884,123.73754181009619,1,5,2,130,-1.999274705985382,160.6
199,-1.7918170466979846,101.49701113332117,-376.499646190361,1,28,2,137,-22.656861389085538,207.8
200,1.7896983831102795,-88.40317520337815,50.7692701504465,1,40,0,152,-13.947673867199578,183.0
201,1.233592297357823,176.8306383898206,75.27284183420234,1,17,5,133,-28.93723931471269,176.2
202,1.4613767320921078,62.65318740419924,35.64386736901161,1,12,0,145,-27.662487999099206,171.4
203,0.21862264511388219,-87.13483348034734,-158.01210140985083,1,39,3,142,-7.624800137798282,188.6
204,1.0029337767488058,-22.341697128836145,-218.0537095239202,5,51,5,120,-3.1547417177747015,194.8
205,1.090073819047388,233.3459752908487,87.63671359503765,1,36,3,126,0.23667212718496344,212.0
206,-1.8200978352841024,203.47127388004444,-76.90703593623375,2,40,3,130,-15.699123415349046,174.2
207,-1.8795358851538317,183.43404866743157,93.42929076108868,4,64,2,157,-31.993758987677545,190.4
208,1.4232039249326371,-132.1760802102628,27.396584718626432,1,17,3,124,-17.629546331365958,193.6
209,0.42892519274427876,-79.65066271584577,-227.94913279135832,1,10,5,135,-20.081505951659366,213.8
210,-0.13588333562631005,49.28750756530344,75.51590508611132,1,14,3,197,-30.77124648376193,161.0
211,0.41230130856759306,-46.908205122128955,66.82977868150184,1,6,0,143,-13.763067317290982,215.2
212,0.7924853314898361,-89.50390185648997,14.834277253766414,1,-6,1,139,-26.830774593691363,204.4
213,-1.3573717038522468,1.740762462718521,-18.743723311669516,1,13,2,145,-25.442039837227995,196.6
214,0.8002488496147571,-75.15696151546703,-252.64132403997786,1,9,0,131,-16.609313187494852,209.8
215,1.1540048423230087,-151.85762411387736,6.164561590634252,1,73,3,130,-18.162411082600922,205.0
216,1.5620005024382482,-27.8408207077457,102.04121272695485,1,30,2,161,-21.431924123170944,133.2
217,-1.688264650440717,12.832976107129737,94.4051081239474,1,29,3,156,-22.03093969077269,189.4
218,-0.6395333106403864,36.02965247817624,-49.34121651292331,1,53,3,130,-19.290984415178798,206.6
219,-0.6299175176229364,5.450178431871739,19.795463551509073,1,68,1,139,-21.12855534944045,241.8
220,1.8042747348650696,-20.742522530827923,-227.81307272011335,1,25,2,153,-33.78425241551839,202.0
221,-1.268731906561129,56.02400945539164,-203.91646551230974,1,37,2,171,-20.801133464519815,212.2
222,0.7135206171594377,94.38615880481841,138.55809667986767,1,41,2,118,-17.67738609133381,160.4
223,1.8960628836311146,-89.12039489047902,74.73551622419892,1,61,3,132,-15.70520692225863,183.6
224,0.9738853299567416,-187.58699356425308,81.4371269975357,1,35,1,161,-4.0595158831704286,188.8
225,-1.7896893522121746,-19.516800435906013,45.33478953475657,1,64,3,143,-39.773371105567435,189.0
226,-0.6929619260493265,-42.01432109784464,-86.50892033056074,1,12,3,156,-22.600700541056177,199.2
227,0.704743808511267,-94.82124765925064,-162.65294316843722,1,8,3,121,-32.891832999044595,193.4
228,-1.2161534672424699,4.84220194011751,-15.564863422943198,5,37,2,136,-16.334420161880942,224.6
229,0.36914666212759784,62.320767013925845,78.70910746088047,1,-13,3,142,-17.785048817178797,215.8
230,1.804747424596847,141.888379923412,19.715036583708038,1,48,2,124,-18.921705399928204,194.0
231,1.3500834024950445,-89.36248836180626,-53.3857424176357,1,14,0,127,-23.500106363285248,195.2
232,-0.8677768684566121,-76.49844703236435,18.420464921278146,1,74,1,145,-18.143356656760734,186.4
233,-0.4778594470971096,30.18434329707001,124.49326396760911,5,38,1,203,-36.97641306641823,182.6
234,1.5291263539416393,6.890351750462692,67.81883887951778,1,43,0,133,-11.538623622425387,181.8
235,-1.287486892806089,45.25400116332956,-56.51082643436213,1,54,3,169,-9.166024664323263,199.0
236,-0.18149411476263122,-36.40780861072395,-159.00712805620637,1,38,1,160,-30.960731050014164,220.2
237,0.35067479296894666,-46.83498745687589,-70.00581740144052,1,32,1,135,-26.035946858104722,200.4
238,1.0036497307337995,-90.59226808990469,8.142560368467299,1,49,3,153,-19.312367557935925,202.6
239,0.03505981398638802,66.93073825640775,29.659209324492323,3,73,2,114,-18.251476210341984,225.8
240,-1.4126602294186985,-87.14732020574945,0.16886967579830522,1,30,4,127,-8.69495730155219,169.0
241,0.9515877448178722,-117.27998698119929,-71.64839336566968,1,25,1,109,-11.429877119224582,222.2
242,-0.5139257452359094,22.261858495618004,119.65288540095942,2,33,1,152,-22.117733699544832,177.4
243,0.06637996703701621,48.810172704084856,66.38312342546693,1,61,1,115,-12.552190422569826,186.6
244,-1.8293486686940712,-3.233367995608395,-39.182513661741595,2,76,4,137,-34.53510565112225,200.8
245,1.1468893133315254,-95.61789105174377,3.7507432964957976,2,43,0,154,-26.273812641287208,222.0
246,1.4016054683189507,25.953711075068842,-61.86042513746689,2,18,1,123,-6.913389216529257,194.2
247,1.5037649885164184,122.33234214732282,-214.5581644607786,1,27,1,143,-27.120328337209386,230.4
248,0.7549152352106101,-120.59432678965369,-54.80592748869773,1,77,0,156,-13.28498771854243,155.6
249,-0.38089639159946564,-66.21859968282419,72.83048149218911,1,35,4,114,-18.47429883946992,165.8
250,1.6446888718859607,-19.49941158995592,111.75265025706614,1,23,3,124,28.37969823056773,222.0
251,0.8224784615936795,-48.04677218615808,34.06009756980426,2,36,0,159,14.096921016297987,169.2
252,1.6126827641246875,-78.61423565262537,78.16376461088251,1,44,1,115,13.773560774037886,218.4
253,-0.5310946657289985,-39.69750623788798,-22.161893809399157,1,4,2,133,9.316013867804946,227.6
254,0.6165448308032113,80.19308123162737,100.37499722949934,2,25,2,176,31.11087881632325,222.8
255,1.307431034949245,64.3663827918435,104.23298010600404,1,63,3,161,17.98364899437184,218.0
256,-0.5043240431648002,35.54191514785766,54.64519151834168,1,14,3,159,31.429488624194022,211.2
257,0.418806865846888,68.9354220330613,122.51651139112091,1,-18,0,123,2.6732737627141603,157.4
258,-1.9647504752887084,-57.27319493554221,-2.238254020142261,1,54,2,153,27.472497768560814,166.6
259,1.9538147473520762,-123.53684083188253,64.30966268949297,1,20,3,190,33.735492273714414,176.8
260,-1.909397773972005,-17.879431563712142,82.02376260144845,1,5,3,139,27.51470158886295,215.0
261,0.7101355488263752,160.2156755910022,133.68845858517187,3,9,0,156,8.31009773698317,222.2
262,0.20858614495012384,-41.826979071134005,139.12575155373182,1,37,3,151,15.804968968590524,208.4
263,0.37255459989666484,98.94065266687755,83.37832346279237,1,51,1,139,36.718039402718034,212.6
264,0.22964367640961791,127.11807311392178,-135.89266750935968,1,17,1,187,22.308144454311154,195.8
265,0.8140153933135483,-0.08010175796652617,0.8431683340770361,1,30,1,142,11.770337626598703,182.0
266,-0.7032808081273321,-44.158249317389895,129.14665571000828,4,19,3,128,30.0640243981248,176.2
267,0.9568681119013487,-55.51966425657652,92.53503146438979,1,47,1,116,29.78699866912215,187.4
268,-1.4252584027480655,-73.85750626173906,26.698258031107464,1,25,2,146,2.8593830947660344,203.6
269,-1.2475748347690203,14.156119068329865,-82.58055499984454,1,31,1,105,6.860278495793278,184.8
270,0.9224360360660708,-106.11010415182214,-123.46136072244087,1,44,2,153,20.77014013146481,187.0
271,1.5147556661939188,181.0114142298397,113.16834796409209,1,20,1,132,37.21198313916434,194.2
272,1.4542398251115731,151.99178930651317,122.04239511411912,5,23,2,139,25.104351137346843,191.4
273,0.5132946849425819,-100.76807261525782,-141.94997016131413,1,24,4,166,28.27760138192614,232.6
274,-1.211393401506227,-169.02901629986906,-30.911457310147505,1,39,3,178,14.4607034805378,200.8
275,0.66086365163665,-126.7854438619244,47.11516415725667,1,33,6,153,26.450503156794362,195.0
276,-0.2256899376239434,212.1625493003095,3.0104467580982996,1,5,1,130,19.864856632065898,226.2
277,1.3210344929395292,-87.61889500215975,-277.72110093973623,1,27,1,166,10.528989478457865,184.4
278,-1.929421684969368,-16.073059621480475,67.51539656733952,5,29,1,137,24.98780946849807,226.6
279,-1.759394891077065,-131.71994128024133,-50.14492048478868,1,20,5,153,18.586641250435324,185.8
280,1.9721004325290004,126.67916124379775,122.88174341542441,1,37,1,116,4.3980065701470075,217.0
281,0.5223923257088754,117.07190726531698,-50.88557114987925,1,28,1,141,6.71418352938165,234.2
282,1.0801053925006547,-25.319386868633977,-162.39823712163118,1,34,2,154,13.364236090169186,192.4
283,0.9700077934916171,41.725823546440935,92.53408158660474,1,18,2,153,33.09212494068849,204.6
284,1.5989692198118033,225.2649695746159,-97.59599226814284,1,47,3,181,19.633922741643893,184.8
285,1.5852743270883014,-60.36022177332646,-224.85209510276522,2,4,2,145,9.547168499697296,242.0
286,1.1813695319883615,-110.08607701399478,13.983086856736202,1,14,4,169,19.08230812800924,218.2
287,-1.8286678442958908,11.156684689723003,-86.68329059257853,1,46,1,164,19.514524642992765,210.4
288,1.5058406591972329,-113.46253420863061,-1.6685039074705026,1,35,1,129,10.878362002676877,182.6
289,1.7604009960360214,18.299022023174878,55.56003032369263,5,28,3,166,34.081810786159096,258.8
290,-1.4422411850216066,90.01658947400442,-45.46939182145771,1,30,4,130,16.535343462645173,235.0
291,-0.15698520485826561,-83.55046189727626,89.80138301121559,1,43,1,165,14.935341673539941,239.2
292,-0.3203134349789787,-114.66376009503566,-89.06087894937049,1,55,1,122,1.7587391383728743,198.4
293,1.679568103520677,-36.26134067364972,-24.302382379007064,31,42,0,129,29.12341856611551,185.6
294,-1.5185152480097321,-45.09335550985457,-164.94719655813387,1,47,1,142,22.136502994830064,217.8
295,-1.4761448383534255,100.24855043382424,-102.30959852103516,1,43,0,154,8.838091376596374,176.0
296,1.0744171249093104,-28.401497094300908,103.55310562662874,1,69,0,135,30.653540923702685,217.2
297,-0.36510216604288015,-91.26178562550831,5.167538697300525,6,19,3,141,14.45685660090275,224.4
298,1.9762392598764236,-29.287681617735245,78.05708544489865,29,17,1,153,24.149388534002554,211.6
299,0.719912747105266,106.084479497078,56.19351393858831,1,-3,2,169,8.977939612003782,224.8
300,1.821240024783498,-66.6576753187376,151.54544149941069,1,34,1,146,42.92299445406094,214.0
301,-1.4888498878371985,15.171768312353459,-68.74103571447806,2,21,0,111,0.3888840666390969,203.2
302,-1.513989272155147,91.63683110836959,20.371470931684158,2,22,3,112,7.361937304951605,218.4
303,-0.05911397878895519,-52.68307428792534,7.9809057477462755,5,19,1,154,36.93365538423004,193.6
304,-0.8332710675972463,89.92933387054285,-85.13851110046937,1,36,2,155,16.463521440104188,200.8
305,0.19901852756455085,-188.09746477839576,88.2149870459649,1,14,1,139,-1.5520937543182427,204.0
306,-0.5351373006020874,-101.01335808061525,74.94387859015293,10,38,1,138,24.859809316323712,194.2
307,0.06559308384841911,185.66288257824579,-93.07736092086844,1,41,1,159,29.361047860782087,205.4
308,0.6815774276182407,221.51576903142788,-66.60749457393115,2,28,1,146,12.585625784821488,250.6
309,-0.9107617619874011,288.4011322286805,95.86526770852886,2,-3,1,141,-3.082458127388108,204.8
310,-1.1685792352641347,-71.23285170857261,-11.208234471897953,1,30,1,129,-1.0578616779387886,194.0
311,-0.6068123481555636,-113.92110433453917,-234.6148805084861,1,19,0,167,22.588856413373225,249.2
312,-1.833727357714828,-3.448133201736906,-180.10815511663156,1,42,1,154,25.379157706436658,230.4
313,-0.6710585085992258,219.33664553433485,-71.82543843856874,1,-25,3,162,22.63011717448238,228.6
314,1.3933844708993108,-74.33893879832007,-174.31732568333553,1,-2,4,136,14.388346164485853,198.8
315,-0.2508310799982665,107.22018467732588,-181.41218485403894,4,38,0,157,22.251592989636052,215.0
316,-1.9370463130237794,-162.4270739925979,12.456519776503416,1,13,1,193,8.210054794564952,216.2
317,0.36362001075445516,61.847517485069915,55.77616153309797,1,11,3,143,17.918850758571672,195.4
318,0.46653536599457013,18.400215730539355,-130.5504779742234,1,22,3,139,15.478118775046447,193.6
319,1.98778953003111,-72.11051427263784,-116.19675005256099,1,44,1,133,38.13550050984534,235.8
320,0.4182440376021659,-56.70029032643193,117.22094919917745,1,8,2,111,28.231512126901,233.0
321,0.735055978279838,-101.80947731121665,41.266670705223326,1,31,0,139,20.872261694841583,186.2
322,1.9966451767616555,251.98702577910308,-15.585777584349007,3,49,4,134,17.149439164591975,213.4
323,0.7924960921718935,-1.7458818869547366,112.83987429543785,1,32,2,174,31.578398700189567,240.60000000000002
324,0.9757902503666429,10.786763689684305,-103.13618961132072,1,9,3,131,30.79514027459953,236.8
325,0.38011703622662996,102.67228365335276,-40.12575104656996,1,48,1,126,-0.8159346641410252,201.0
326,1.0401959506685525,-4.051178985398429,-22.866307826538034,1,30,3,158,12.642449608462478,227.2
327,-1.5815024941962066,20.77798616847641,30.89378508154314,1,43,2,151,36.286265631980555,197.4
328,0.0877662663933716,182.69249057260296,30.856338822972862,1,44,5,148,32.103800635452764,222.60000000000002
329,-0.747919671776403,-5.36867185006058,-135.6491157513601,1,35,1,102,7.903490824558945,186.8
330,0.46700591322114837,63.699794582436034,-121.52688426862379,1,16,4,122,25.503662572113917,225.0
331,-0.4975136764996768,-45.59413824190571,-32.57497343622776,1,17,3,144,14.023526560766298,257.2
332,0.25309186556126884,-68.27798653486067,4.398018168539384,1,22,4,148,16.021247050756784,172.4
333,1.3442402712691734,24.136676534025504,116.58358991803091,1,38,3,140,21.244494265591285,212.60000000000002
334,0.48420429349072425,-10.186806144050667,-269.7274875645707,1,33,3,151,11.431366407557439,207.8
335,0.7680791620861447,57.34422269179825,-101.72690493109936,1,45,1,172,29.449171003885798,200.0
336,0.48036245753316686,-14.854444652648194,-10.475048446567055,1,46,1,110,14.0548261642979,195.2
337,-1.8138705253110512,54.9225609085779,50.502515733474,1,10,0,176,17.06211070065255,224.4
338,0.8021185070175587,-13.276037502964302,-107.4126668777969,1,33,1,148,27.90153219632844,224.60000000000002
339,1.9681805959828762,104.62691734827305,58.148620524802574,1,11,2,149,21.487174722567076,185.8
340,-1.986936522284008,-156.0110331735919,28.156527991638335,1,37,4,159,23.22429862035194,196.0
341,1.5199090861838047,133.97043501970947,-182.93956732623707,1,5,1,149,33.59379531339151,226.2
342,0.38241614512037536,-45.847325774660106,5.166676798852901,1,81,1,171,42.83063375309702,248.4
343,0.38278168353125297,96.23144478576339,34.725469896127805,1,8,2,158,7.447863317636115,231.60000000000002
344,0.2924229831469911,4.8095428195618375,-105.32029062958526,2,61,0,161,20.4252436809977,232.8
345,0.8329625047595122,33.16911520323937,-112.3313538918811,1,72,3,138,12.661317324321217,229.0
346,-0.8418434561297095,7.181149128100316,13.699320612020644,1,60,1,158,0.45321886903673203,230.2
347,1.281476516618112,-117.47249310084919,17.581734106170664,1,41,3,133,-3.171069749295409,217.4
348,-1.6938235753524795,-29.048551935768597,32.677073200364404,1,32,0,178,30.689422491558275,166.60000000000002
349,0.15564382321798975,-15.547014441087088,121.68198353751643,1,12,2,216,21.23532884920472,242.8
350,-0.8334713577865727,213.994910682201,-198.64633635717047,1,27,1,142,35.87773753938681,203.0
351,-0.9053688853266966,245.77638497464162,56.14346055882774,1,44,0,129,7.0545744522378975,184.2
352,-1.1086021788110911,-102.40192127209117,44.28580930362176,1,6,2,197,11.50422130912667,213.4
353,-0.6350684278717269,172.4424638255561,134.7718519230421,2,34,6,164,21.37768337707788,241.60000000000002
354,-0.18375300204424283,-1.1102122455471688,-155.2781184331641,1,19,3,131,32.27733784946976,240.8
355,-0.5048200812724137,-16.28985677124904,-41.50402634556093,1,37,1,147,33.88964080183845,211.0
356,1.1017930080605765,-34.2027703576114,6.984181006573407,1,77,3,163,14.308605460918248,212.2
357,-1.4331210595970347,136.4583743965619,-31.119206042925185,1,-4,3,132,13.982242150082497,205.4
358,-1.7341023310684238,-51.03660173399142,79.52029916663273,1,16,3,142,34.185212885915384,200.60000000000002
359,-1.982897291864123,-86.58014771527809,-242.95520219434508,1,36,2,125,40.32892879516268,227.8
360,1.4322744921228554,-3.08356041692037,-69.0301244475815,1,74,2,139,28.259650200661895,239.0
361,-0.3531214281122792,191.36892109601297,-72.44086778340278,1,30,2,139,8.533453417445152,219.2
362,0.17621297500169053,-15.747259949784494,3.0187353793235103,1,10,2,146,39.49615208907092,246.4
363,0.6117632702936291,220.08963897081904,73.58946145548141,1,72,2,156,18.73134339752328,204.60000000000002
364,-1.287793556909663,-33.576705483008,-62.35785548244493,1,50,0,132,25.918685464875473,197.8
365,0.5769432390467726,284.5294096378803,-214.06822347597992,2,33,1,149,6.558434229465668,252.0
366,-0.9080310839442252,68.3943861468822,-17.09203341539797,1,91,4,173,29.61349475992941,219.2
367,-0.9245884427186448,144.62447799840493,47.77282638371762,1,46,3,157,23.79283064169659,245.4
368,0.47648836494699065,118.76679459206663,20.113030017025462,7,39,1,167,7.608477513674938,204.60000000000002
369,-0.8550332337357753,-15.516677327283046,94.24249582401768,1,41,1,134,29.270146602937913,216.8
370,1.3162753657342274,50.161190279728544,-36.90258002751945,1,38,3,157,20.10793774394245,235.0
371,-1.4569893396195024,-55.090549851641946,-285.2945098700465,2,42,2,147,6.016257138578515,226.2
372,-1.6076771201388187,-133.2209516841308,-114.86809125376578,1,30,2,143,0.9530889188518259,218.4
373,0.28023872589759247,-39.53513412468765,98.23876262906437,1,60,3,132,-5.570737188153494,220.60000000000002
374,-0.15719464552654783,-87.1455684541414,13.529974924054637,1,53,1,152,10.898776970965857,192.8
375,0.4113575713216222,-89.14866629235844,24.574873607501733,1,2,0,143,4.985799250646913,215.0
376,-1.659934178302866,-99.37203002263239,109.44816542500024,1,12,3,191,23.495802934881855,197.2
377,-0.9170654760224854,19.409330925493023,121.86071012323139,1,32,1,159,15.784086667444821,227.4
378,-0.5657925806734982,181.32880898692284,-58.161113959005384,1,47,1,142,32.27908778373357,230.60000000000002
379,-0.2686374581452786,-7.742799747462597,-166.84127357212702,1,34,4,114,30.512339309181133,241.8
380,-0.838863405038353,225.10184290922376,110.80557283053916,1,53,2,139,30.4420013501005,213.0
381,-0.5363003525557346,-113.74012804533864,30.96977336030894,1,9,2,134,20.61139982759681,232.2
382,1.6147795182110598,83.62761189825767,1.0272063746946467,6,-5,3,180,20.70898876925045,229.4
383,-0.5823330333395274,-18.562613363311545,63.77083927418167,1,41,4,162,16.215268857488976,233.60000000000002
384,1.7724151372548063,166.71568591039613,-62.875684262917645,2,40,3,147,13.098090621572323,197.8
385,-1.6015479335623675,300.2255922894514,53.06155620391152,1,14,4,114,39.111686182318635,209.0
386,-0.926120442708191,-89.5540013490322,84.9012844995793,1,3,4,127,31.376037598765535,198.2
387,0.39464272117147603,-27.847925714273586,-3.2664501612626546,1,4,4,140,23.36466624511766,230.4
388,0.33618946976703246,-119.39776380983609,51.93694767489397,1,0,2,146,27.62373666555881,235.60000000000002
389,-0.22183839666578598,86.85466727393262,-10.503967389201955,1,28,1,138,29.622293222553477,211.8
390,-1.6959431169208359,-134.91198408446164,73.59526964419936,2,54,1,152,32.470250345804274,215.0
391,1.8106828490439848,231.26801193824016,-115.42439908974829,1,53,1,165,4.7538973393093364,214.2
392,-0.21797402825963497,-72.02372897891124,112.02918147493675,1,21,1,148,22.074934425422388,264.4
393,-0.9488674857497821,21.570482852467244,-170.86960315957884,2,54,3,132,30.448809039767184,219.60000000000002
394,-1.9463020238385762,-22.200045358330126,-49.05829786179613,1,54,4,148,16.148574475816087,200.8
395,-0.7594736615546278,-55.08402872183691,91.89934066892967,3,30,2,167,5.452018435429942,218.0
396,-1.32855890523992,-21.668921607595834,-25.19799871581631,4,6,2,169,32.04283130530232,235.2
397,1.3185211679042972,-92.46170054966608,86.90935114762294,1,31,2,138,13.404394067341435,253.4
398,-0.27979052931747317,50.983192900169115,-259.30950699601266,4,69,4,159,15.383160005628511,227.60000000000002
399,1.1921455769941058,25.74454415816755,90.04184704616708,1,25,2,167,26.434696588179964,229.8
400,1.3009539745906986,-28.3687320298274,49.86952160905229,1,47,1,138,12.461420984664827,237.0
401,-0.8254827566923226,91.14882423962071,-75.14043214323429,1,30,2,148,18.714362106578175,268.2
402,-0.26854886514874776,-56.05100279812023,-110.015111560566,1,6,3,158,20.90824206951573,220.4
403,0.5195533950375899,76.87290221963367,-37.0198586673734,1,-14,3,130,24.254083234751512,244.60000000000002
404,0.6159053321218328,-5.6827433774491976,90.21615530991922,1,-4,1,141,23.17998899123346,226.8
405,-1.9793642567477336,38.665915494021334,-74.84005625586457,2,33,1,177,12.727816235195224,258.0
406,-0.539335708290205,-90.14603645228048,57.47686401289334,2,35,2,149,28.770993594605685,214.2
407,1.7670072196289208,51.176580797156156,118.36331940441941,1,37,0,144,21.67298521417857,264.4
408,-0.16257094874593125,43.81070230677936,-8.909428655586026,3,20,5,185,17.963607916022333,225.60000000000002
409,-1.0949486785693718,-103.6306579460372,11.495801104561925,1,13,1,169,11.722727185757991,226.8
410,0.6636257309282168,-89.60158699119393,-15.304446237060496,1,-13,1,158,18.99086168701843,221.0
411,1.691737895453803,-70.62723265565968,55.98742604955377,1,27,5,163,18.641055909033213,232.2
412,-1.0804540448279547,-76.18314866088451,111.01678524063894,1,-3,3,130,12.642431879914152,254.4
413,0.9116168781634197,138.31477383117684,-208.1901710534999,1,50,2,147,27.590435260944652,204.60000000000002
414,-0.5762551333590986,-63.17640259419451,-74.51856183971498,1,13,3,147,15.835199505277398,216.8
415,0.4745980986582392,4.461631083551253,45.46835918696901,4,35,4,181,36.13412479003782,193.0
416,-1.635984942214181,-4.826709957332286,-37.17589139403302,1,36,1,185,21.83649212624219,228.2
417,1.0169148200093399,-81.82701010446874,25.83784099267641,1,49,4,144,26.466690528075446,220.4
418,1.4261851049640581,-85.83836724864405,-54.23177742678372,1,38,2,130,23.880201257264734,212.60000000000002
419,-0.8310052184597536,-29.2315705471252,13.114776360432492,2,42,4,133,29.06604897829402,244.8
420,-1.023124495398274,-91.14454481997085,81.09816001412273,1,5,3,117,5.888833112410802,227.0
421,-1.6685927404809995,11.355266511705029,-2.074518220340701,3,-4,0,131,15.523060226323716,254.2
422,-1.2614711758828197,-10.34756977197059,-11.387860381146494,2,70,1,131,26.560795881150796,254.4
423,0.043873678456977316,-104.16860872021891,72.96202074405966,1,17,4,125,29.4314450082058,239.60000000000002
424,-1.8464531152222943,180.58322400619375,54.22294406320034,1,19,1,137,32.79940886624745,202.8
425,1.122138844031789,33.06772093070587,-30.34005072045331,1,-4,2,111,19.501400065091822,255.0
426,0.19364017002500766,287.51057677897074,89.94747201266316,1,15,4,128,11.526940963342284,229.2
427,0.605859295128151,6.110299128229208,116.77688015160426,1,33,4,133,18.068449950047448,224.4
428,-1.0055233240280845,8.854501843841303,-143.2380750792621,1,27,1,152,25.083884633724324,227.60000000000002
429,1.4928016270817288,-90.84890560286462,-47.02731939570391,1,61,2,141,15.777214410909552,243.8
430,0.4396005329492487,0.6013380977057627,-142.41827725512312,1,55,5,156,8.20048318701871,272.0
431,-0.7489652308258927,92.34858699673606,38.19599963403944,1,16,1,159,22.127159572862087,209.2
432,1.0363262657250507,-85.09878261792919,65.59243022299995,1,25,3,163,17.43330477371032,200.4
433,0.41074274414615664,79.51978582357404,-68.62617926321593,1,35,4,158,22.584103181783178,217.60000000000002
434,-1.5721519975990397,179.42127349945102,-36.37549196863169,1,28,6,138,19.169730245471623,221.8
435,-0.5828617526390811,-93.67583144058882,41.38858805395566,1,12,1,121,6.117647545268616,243.0
436,0.4486369857353818,81.3693013749851,107.10881013893385,1,50,0,166,29.769875442357986,245.2
437,1.1464909447263967,24.87887332831848,-59.19349793117081,1,32,1,149,23.993070706310228,214.4
438,1.875624563317401,-83.82601359722501,-12.355573595250133,1,12,1,156,34.395972525675056,243.60000000000002
439,0.29158026928229797,-65.10963039941842,-28.76320087788043,1,57,0,161,23.477981470488576,206.8
440,-0.07914569820421358,-13.578947785654446,-155.05006141905778,1,7,2,144,25.462714918606142,249.0
441,-0.8852056635877275,-93.22827934569871,-37.681185425738306,1,2,2,109,20.813944791320434,209.2
442,0.3743797854517301,-106.77577560937709,-19.788164478823155,2,48,0,172,34.76695686999241,239.4
443,-0.9882970106670652,-122.79658153239592,75.51995745356277,2,17,0,145,12.259091872046394,217.60000000000002
444,1.7369673546442312,77.27160913032436,69.81576874782579,1,25,0,165,21.99087611927846,220.8
445,-1.9134917571510024,-106.31051487038422,-261.5053048221657,1,26,2,152,20.51450359915171,251.0
446,1.5539348278555085,-18.710923211974766,-16.17986831004774,1,48,0,147,15.979322012803154,222.2
447,1.3733989875515777,-87.49383769165445,104.9796951285352,1,22,2,111,20.225437136624603,243.4
448,-0.8576812211211777,-71.21612818781921,70.5732686535049,2,49,3,130,14.753040757105659,254.60000000000002
449,1.8794068708050835,-1.211440790955943,79.29623703183549,2,18,3,121,27.68172267984935,210.8
450,1.837674458460052,-117.88400500651977,-154.83594639099746,1,36,1,150,19.738766296107155,229.0
451,1.7324641738174162,-57.032911264191476,124.17126481710596,1,23,1,165,13.50482600197818,257.2
452,0.27411011227320836,-187.52847624759622,-105.82574453011688,1,25,2,128,37.49822413111358,196.4
453,-0.4762074791957267,-14.392369722888029,-41.35755245551035,1,23,1,151,26.233179581714,254.60000000000002
454,-1.7530235825858584,129.05397309566197,-51.34534106521343,1,42,2,168,16.823953749723657,216.8
455,-1.8422353810987095,-81.68084507155986,-21.58577431942768,1,61,4,167,20.045327988989225,227.0
456,-1.22852992160553,-77.02423026478091,23.31048873367862,1,23,1,122,3.9905579568807212,234.2
457,-1.5960469793908039,-71.70479637403847,-223.9419467350745,1,22,3,134,22.579774443496667,223.4
458,-0.7965461844536188,-3.9025129727504297,91.62198234462913,1,29,2,165,26.631549493808357,278.6
459,-1.596601681182697,-0.38967356039156514,-118.6671996780429,1,40,4,167,24.867946596698843,255.8
460,-0.5123174127901717,36.09842538370818,77.76268837436503,2,8,2,146,15.233364119545381,251.0
461,1.1362044802578413,-113.46835298245215,-39.87806556900194,3,42,2,155,24.21564518409005,264.2
462,1.7665088198959067,-25.94719463660475,-23.993110056157782,1,52,0,146,-0.9053213971716509,242.4
463,-0.8485517461355765,-132.67175558645332,87.83346990640192,1,41,3,188,21.462011246085392,248.60000000000002
464,-1.8980123643749929,-113.13745542602346,-84.64478005212003,1,56,3,152,3.7560897810305924,253.8
465,-1.748591475642408,-44.205513870916455,136.36597205138264,1,39,2,165,26.229481679971443,262.0
466,0.20405321988200198,-164.93599406838197,-89.3054856194182,1,33,2,175,27.080304118176375,235.2
467,-0.4525379512320584,95.47510889200767,39.71433229513964,2,-34,2,152,17.117773656079365,268.4
468,0.6712544790527253,108.77488158875434,16.46125242444238,1,30,2,122,17.88613563620954,286.6
469,0.14741410667869204,130.5623648051561,118.9415598310712,1,44,3,146,7.056504204734079,281.8
470,-0.8949740519022984,385.89166692207164,55.79959973668305,1,37,1,137,14.037508782891358,233.0
471,1.7210991134121256,-126.27646907946426,-106.85222731914443,2,20,1,163,24.07342207946586,212.2
472,1.1798434375090125,98.91122858756499,129.85712411535758,1,28,2,151,19.408519875481044,269.4
473,1.1700178115871847,-81.72756944818397,61.057023069042785,1,70,0,163,14.836516908149054,236.60000000000002
474,1.2015133984609832,-142.02545690381044,124.42706306691025,1,52,1,146,17.335522908264807,239.8
475,-0.01994286343856011,-5.601886079469407,75.54999679890572,3,32,3,138,17.526010704402125,253.0
476,-0.6417131240945624,-111.30143024655503,26.623597852933635,1,11,2,154,24.713090743474453,233.2
477,0.4414385270218304,-69.3217726426693,-17.943485761093612,1,25,1,147,17.660134858365833,237.4
478,0.1807770049030868,72.43285515404841,35.4923446733225,1,8,2,130,31.58191982866946,259.6
479,1.1545788719493482,-84.70251470590769,-104.61784148264654,2,42,2,145,29.608420047413766,259.8
480,-1.3442061168076114,-109.39339992460279,-5.354895424364247,1,54,4,159,19.815432989727665,248.0
481,0.4080816990035072,-102.35707501012257,57.50991969258915,1,50,0,135,32.83298679473823,195.2
482,-1.7757752226695644,165.73639457955252,-53.295600248819184,1,33,0,138,23.020185773354175,235.4
483,1.8040416227647524,-59.64716813631953,99.59942999920608,1,33,1,170,30.349683205541393,224.60000000000002
484,-0.21432754836114087,103.41909526898667,-44.88523953849207,1,52,3,173,4.137403708267907,279.8
485,-1.6375394990004764,-88.99449195769434,144.45779904636942,1,32,6,129,16.462495467649052,244.0
486,1.1553273862157423,98.92698137465092,-112.17305056320758,11,52,2,152,27.23240566148459,227.2
487,1.625108565421633,57.125275075253356,-5.498653280281436,1,47,2,121,7.332974449781396,277.4
488,-1.644708758983234,-107.66383814218403,97.24751969518634,1,-24,5,137,17.437622994261936,225.60000000000002
489,0.8101529173350253,67.3736066664117,38.027003576888276,1,23,2,138,20.388054615401362,250.8
490,0.8938099469490903,-43.40094916649243,74.71055729288103,1,15,3,178,19.884240497666656,239.0
491,1.2392180929369507,53.33918090561672,124.53809115988936,2,38,5,170,16.737594419925806,232.2
492,-1.3027829727036715,-163.5521694690796,-38.01111262256398,1,1,3,167,25.31187105060003,254.4
493,1.3252100668656395,25.204114001405596,-66.93611065463222,1,58,3,127,12.178661593156285,248.60000000000002
494,1.3446944774370855,34.76641537834777,60.932984188109515,3,27,1,163,4.45225129772002,268.8
495,0.7213206348210468,-32.12459043280204,80.6208285930501,1,22,3,151,28.95789783450256,226.0
496,0.19504564877740282,-129.74585014766214,35.51545284792915,1,51,1,142,21.79393751934766,243.2
497,-1.077165249725521,-70.64879822648894,85.83595512736144,1,14,2,161,16.849907245490687,235.4
498,1.4028620175659041,-96.86438910615904,94.30320574808576,1,26,3,121,26.853126149724083,250.60000000000002
499,1.9707654176930296,-37.944741246005954,78.0617810963191,1,55,1,126,27.382840850317216,286.8
