Date,AAPL,MSFT,SPX
2011-01-03,43.838201,24.542704999999998,1271.869995
2011-01-04,44.066990000000004,24.639192,1270.199951
2011-01-05,44.427464,24.560248,1276.560059
2011-01-06,44.391546999999996,25.279513,1273.849976
2011-01-07,44.709458000000005,25.08654,1271.5
2011-01-10,45.551451,24.753221,1269.75
2011-01-11,45.443707,24.656736,1274.47998
2011-01-12,45.813494,25.042680999999998,1285.959961
2011-01-13,45.981095,24.726907999999998,1283.76001
2011-01-14,46.353539000000005,24.823393,1293.23999
2011-01-18,45.312024,25.139167999999998,1295.02002
2011-01-19,45.071264,24.972509,1281.920044
2011-01-20,44.251882,24.867252,1280.26001
2011-01-21,43.459103999999996,24.577792000000002,1283.349976
2011-01-24,44.886369,24.893565,1290.839966
2011-01-25,45.411783,24.954967,1291.180054
2011-01-26,45.737675,25.244426999999998,1296.630005
2011-01-27,45.652543,25.323370999999998,1299.540039
2011-01-28,44.706798,24.34096,1276.339966
2011-01-31,45.13511,24.323417000000003,1286.119995
2011-02-01,45.894634,24.551477,1307.589966
2011-02-02,45.800191999999996,24.507620000000003,1304.030029
2011-02-03,45.683139000000004,24.253245,1307.099976
2011-02-04,46.090167,24.358504,1310.869995
2011-02-07,46.805794,24.735679,1319.050049
2011-02-08,47.247411,24.805851,1324.569946
2011-02-09,47.641138,24.533932999999998,1320.880005
2011-02-10,47.159619,24.121673,1321.869995
2011-02-11,47.466888,23.902385,1329.150024
2011-02-14,47.776814,23.884841,1332.319946
2011-02-15,47.872588,23.787782999999997,1328.01001
2011-02-16,48.302229,23.840725,1336.319946
2011-02-17,47.659760999999996,24.008367,1340.430054
2011-02-18,46.630216,23.876017,1343.01001
2011-02-22,45.040668,23.46132,1315.439941
2011-02-23,45.574063,23.46132,1307.400024
2011-02-24,45.608647999999995,23.62014,1306.099976
2011-02-25,46.310976000000004,23.426025,1319.880005
2011-02-28,46.982708,23.452496,1327.219971
2011-03-01,46.463943,23.081915,1306.329956
2011-03-02,46.837719,23.011328,1308.439941
2011-03-03,47.827362,23.117209,1330.969971
2011-03-04,47.885887,22.896625,1321.150024
2011-03-07,47.268691,22.693686,1310.130005
2011-03-08,47.321899,22.861331,1321.819946
2011-03-09,46.884274,22.843684,1320.02002
2011-03-10,46.112778999999996,22.420163,1295.109985
2011-03-11,46.820428,22.658394,1304.280029
2011-03-14,47.029263,22.667217,1296.390015
2011-03-15,45.947839,22.402516000000002,1281.869995
2011-03-16,43.896729,21.873115,1256.880005
2011-03-17,44.512593,21.864292000000003,1273.719971
2011-03-18,43.984518,21.881937,1279.209961
2011-03-21,45.132449,22.349576000000003,1298.380005
2011-03-22,45.385182,22.323104999999998,1293.77002
2011-03-23,45.117819,22.534867000000002,1297.540039
2011-03-24,45.886653,22.773097,1309.660034
2011-03-25,46.760571,22.605454,1313.800049
2011-03-28,46.614253000000005,22.420163,1310.189941
2011-03-29,46.68342,22.49075,1319.439941
2011-03-30,46.373492999999996,22.596631,1328.26001
2011-03-31,46.357531,22.402516000000002,1325.829956
2011-04-01,45.832117,22.481926,1332.410034
2011-04-04,45.38385,22.543689,1332.869995
2011-04-05,45.077913,22.746628,1332.630005
2011-04-06,44.964847999999996,23.073091,1335.540039
2011-04-07,44.970169,23.117209,1333.51001
2011-04-08,44.568461,23.002504000000002,1328.170044
2011-04-11,44.001809,22.923094,1324.459961
2011-04-12,44.214636999999996,22.6231,1314.160034
2011-04-13,44.710786,22.614276,1314.410034
2011-04-14,44.217296999999995,22.428986,1314.52002
2011-04-15,43.557534999999994,22.384870000000003,1319.680054
2011-04-18,44.141478,22.128992,1305.140015
2011-04-19,44.940905,22.190755,1312.619995
2011-04-20,45.546131,22.728981,1330.359985
2011-04-21,46.648835,22.517220000000002,1337.380005
2011-04-25,46.956103999999996,22.596631,1335.25
2011-04-26,46.611593,23.108386,1347.23999
2011-04-27,46.575676,23.276028,1355.660034
2011-04-28,46.123421,23.567199,1360.47998
2011-04-29,46.573015000000005,22.870154,1363.609985
2011-05-02,46.060903,22.640747,1361.219971
2011-05-03,46.316297,22.773097,1356.619995
2011-05-04,46.498528,22.993681,1347.319946
2011-05-05,46.123421,22.755451,1335.099976
2011-05-06,46.111451,22.826038,1340.199951
2011-05-09,46.236484999999995,22.790744,1346.290039
2011-05-10,46.482566,22.64957,1357.160034
2011-05-11,46.18727,22.376047,1342.079956
2011-05-12,46.099477,22.340752,1348.650024
2011-05-13,45.292069,22.084876,1337.77002
2011-05-16,44.33435,21.679000000000002,1329.469971
2011-05-17,44.712118,21.776694,1328.97998
2011-05-18,45.208268,21.927674,1340.680054
2011-05-19,45.296061,21.954317,1343.599976
2011-05-20,44.589744,21.75005,1333.27002
2011-05-23,44.480668,21.465851999999998,1317.369995
2011-05-24,44.186704,21.448089000000003,1316.280029
2011-05-25,44.797247,21.483615,1320.469971
2011-05-26,44.56048,21.909912,1325.689941
2011-05-27,44.881048,21.989842000000003,1331.099976
2011-05-31,46.267078000000005,22.211872,1345.199951
2011-06-01,45.95848,21.696763,1314.550049
2011-06-02,46.03696,21.510257,1312.939941
2011-06-03,45.683139000000004,21.234939999999998,1300.160034
2011-06-06,44.964847999999996,21.323753,1286.170044
2011-06-07,44.16675,21.368157999999998,1284.939941
2011-06-08,44.193353,21.261585,1279.560059
2011-06-09,44.093590999999996,21.279346,1289.0
2011-06-10,43.350032,21.057316,1270.97998
2011-06-13,43.443142,21.350397,1271.829956
2011-06-14,44.219957,21.510257,1287.869995
2011-06-15,43.463093,21.08396,1265.420044
2011-06-16,43.251597,21.314871,1267.640015
2011-06-17,42.599817,21.545783,1271.5
2011-06-20,41.942718,21.732287,1278.359985
2011-06-21,43.27022,21.989842000000003,1295.52002
2011-06-22,42.912407,21.892149,1287.140015
2011-06-23,44.059009,21.874385999999998,1283.5
2011-06-24,43.409889,21.581307000000002,1268.449951
2011-06-27,44.16675,22.380616,1280.099976
2011-06-28,44.595065000000005,22.913486,1296.670044
2011-06-29,44.432784999999996,22.753626,1307.410034
2011-06-30,44.649601000000004,23.091110999999998,1320.640015
2011-07-01,45.659195000000004,23.108873000000003,1339.670044
2011-07-05,46.479905,23.117755,1337.880005
2011-07-06,46.789832000000004,23.38419,1339.219971
2011-07-07,47.513443,23.774963,1353.219971
2011-07-08,47.847313,23.908181,1343.800049
2011-07-11,47.087792,23.650625,1319.48999
2011-07-12,47.054534999999994,23.570695999999998,1313.640015
2011-07-13,47.622515,23.650625,1317.719971
2011-07-14,47.589262,23.508526,1308.869995
2011-07-15,48.540328,23.783845,1316.140015
2011-07-18,49.721515000000004,23.615101,1305.439941
2011-07-19,50.127212,24.458816,1326.72998
2011-07-20,51.464027,24.032517000000002,1325.839966
2011-07-21,51.515906,24.068043,1343.800049
2011-07-22,52.315333,24.449934,1345.02002
2011-07-25,53.007017000000005,24.787419,1337.430054
2011-07-26,53.660129000000005,24.938399,1331.939941
2011-07-27,52.220890999999995,24.27231,1304.890015
2011-07-28,52.118468,24.618676,1300.670044
2011-07-29,51.940226,24.334478,1292.280029
2011-08-01,52.774238000000004,24.219023,1286.939941
2011-08-02,51.731390999999995,23.801606,1254.050049
2011-08-03,52.218231,23.908181,1260.339966
2011-08-04,50.196382,23.037824,1200.069946
2011-08-05,49.697571999999994,22.806913,1199.380005
2011-08-08,46.982708,21.741168,1119.459961
2011-08-09,49.749448,22.7181,1172.530029
2011-08-10,48.376719,21.492496,1120.76001
2011-08-11,49.708214,22.371734,1172.640015
2011-08-12,50.145835,22.291803,1178.810059
2011-08-15,50.999802,22.655932,1204.48999
2011-08-16,50.610064,22.655932999999997,1192.76001
2011-08-17,50.604743,22.56656,1193.890015
2011-08-18,48.690638,22.0482,1140.650024
2011-08-19,47.357812,21.494089000000002,1123.530029
2011-08-22,47.412348,21.431529,1123.819946
2011-08-23,49.694912,22.092885,1162.349976
2011-08-24,50.038095,22.253756,1177.599976
2011-08-25,49.710874,21.958827,1159.27002
2011-08-26,51.022413,22.56656,1176.800049
2011-08-29,51.872388,23.093857999999997,1210.079956
2011-08-30,51.875048,23.44241,1212.920044
2011-08-31,51.188686,23.77309,1218.890015
2011-09-01,50.683223,23.424536,1204.420044
2011-09-02,49.754769,23.058107999999997,1173.969971
2011-09-06,50.511633,22.798929,1165.23999
2011-09-07,51.068968,23.236854,1198.619995
2011-09-08,51.096903999999995,23.433473,1185.900024
2011-09-09,50.211013,23.004485,1154.22998
2011-09-12,50.538233,23.138544,1162.27002
2011-09-13,51.16075,23.272604,1172.869995
2011-09-14,51.783266,23.683717,1188.680054
2011-09-15,52.270107,24.121642,1209.109985
2011-09-16,53.273052,24.237827,1216.01001
2011-09-19,54.753524,24.318261,1204.089966
2011-09-20,54.995612,24.112704,1202.089966
2011-09-21,54.821362,23.227917,1166.76001
2011-09-22,53.448634,22.396752,1129.560059
2011-09-23,53.778511,22.396752,1136.430054
2011-09-26,53.628205,22.736368,1162.949951
2011-09-27,53.108111,22.941925,1175.380005
2011-09-28,52.808823,22.861489000000002,1151.060059
2011-09-29,51.952199,22.745306,1160.400024
2011-09-30,50.721796000000005,22.244819,1131.420044
2011-10-03,49.827927,21.923079,1099.22998
2011-10-04,49.548594,22.646995999999998,1123.949951
2011-10-05,50.313435999999996,23.138544,1144.030029
2011-10-06,50.196382,23.540720999999998,1164.969971
2011-10-07,49.189448,23.460285,1155.459961
2011-10-10,51.718089,24.076956,1194.890015
2011-10-11,53.245116,24.130579,1195.540039
2011-10-12,53.497849,24.094829,1207.25
2011-10-13,54.32786899999999,24.29145,1203.660034
2011-10-14,56.132901000000004,24.371885,1224.579956
2011-10-17,55.865541,24.112704,1200.859985
2011-10-18,56.164826,24.407633999999998,1225.380005
2011-10-19,53.02297900000001,24.246763,1209.880005
2011-10-20,52.582696999999996,24.166329,1215.390015
2011-10-21,52.258137,24.273575,1238.25
2011-10-24,53.974047999999996,24.300387,1254.189941
2011-10-25,52.909918000000005,23.960770999999998,1229.050049
2011-10-26,53.286354,23.764152,1242.0
2011-10-27,53.830391000000006,24.354011,1284.589966
2011-10-28,53.864971999999995,24.112704,1285.089966
2011-10-31,53.842361,23.7999,1253.300049
2011-11-01,52.74231700000001,23.227917,1218.280029
2011-11-02,52.86203100000001,23.245792,1237.900024
2011-11-03,53.614903000000005,23.710529,1261.150024
2011-11-04,53.23846700000001,23.460285,1253.22998
2011-11-07,53.170629000000005,23.951833999999998,1261.119995
2011-11-08,54.035233,24.273575,1275.920044
2011-11-09,52.57870500000001,23.4156,1229.099976
2011-11-10,51.240561,23.487098,1239.699951
2011-11-11,51.16075,24.050144,1263.849976
2011-11-14,50.447784000000006,23.916085,1251.780029
2011-11-15,51.720749,24.078166,1257.810059
2011-11-16,51.180704999999996,23.474861999999998,1236.910034
2011-11-17,50.201703,22.997621,1216.130005
2011-11-18,49.873154,22.781511,1215.650024
2011-11-21,49.084365000000005,22.511375,1192.97998
2011-11-22,50.081989,22.32228,1188.040039
2011-11-23,48.815673,22.034132999999997,1161.790039
2011-11-25,48.360757,21.881056,1158.670044
2011-11-28,50.030113,22.394317,1192.550049
2011-11-29,49.641704,22.367302,1195.189941
2011-11-30,50.83885,23.033639,1246.959961
2011-12-01,51.601034999999996,22.763503,1244.579956
2011-12-02,51.836474,22.709474,1244.280029
2011-12-05,52.276759999999996,23.141694,1257.079956
2011-12-06,52.002743,23.105675,1258.469971
2011-12-07,51.755334000000005,23.051648,1261.01001
2011-12-08,51.964169,22.871557,1234.349976
2011-12-09,52.3579,23.141694,1255.189941
2011-12-12,52.121128999999996,22.970607,1236.469971
2011-12-13,51.718089,23.195721,1225.72998
2011-12-14,50.571490000000004,23.042644,1211.819946
2011-12-15,50.405217,23.015629,1215.75
2011-12-16,50.681891,23.41183,1219.660034
2011-12-19,50.840182,22.988617,1205.349976
2011-12-20,52.667826,23.438844,1241.300049
2011-12-21,52.734336,23.195721,1243.719971
2011-12-22,53.01366899999999,23.240743,1254.0
2011-12-23,53.649488,23.438844,1265.329956
2011-12-27,54.075139,23.447848999999998,1265.430054
2011-12-28,53.557706,23.249748,1249.640015
2011-12-29,53.887586999999996,23.429839,1263.02002
2011-12-30,53.871625,23.375811,1257.599976
2012-01-03,54.700316,24.105180999999998,1277.060059
2012-01-04,54.99428399999999,24.672467,1277.300049
2012-01-05,55.604827,24.924595,1281.060059
2012-01-06,56.186108999999995,25.311791,1277.810059
2012-01-09,56.096988,24.978621,1280.699951
2012-01-10,56.297842,25.068667,1292.079956
2012-01-11,56.20606,24.960612,1292.47998
2012-01-12,56.051761,25.21274,1295.5
2012-01-13,55.841598,25.437854,1289.089966
2012-01-17,56.492047,25.446858,1293.670044
2012-01-18,57.07865,25.419844,1308.040039
2012-01-19,56.897746999999995,25.320795,1314.5
2012-01-20,55.906776,26.752516999999997,1315.380005
2012-01-23,56.85252,26.770527,1316.0
2012-01-24,55.921406000000005,26.41935,1314.650024
2012-01-25,59.413084999999995,26.617449,1326.060059
2012-01-26,59.143060999999996,26.563421999999996,1318.430054
2012-01-27,59.495557,26.320299,1316.329956
2012-01-30,60.257739,26.662473,1313.01001
2012-01-31,60.719304,26.590436999999998,1312.410034
2012-02-01,60.680730000000004,26.914599,1324.089966
2012-02-02,60.53840400000001,26.968628000000002,1325.540039
2012-02-03,61.144959,27.229759,1344.900024
2012-02-06,61.715596,27.193741999999997,1344.329956
2012-02-07,62.36206,27.328809999999997,1347.050049
2012-02-08,63.406239,27.60795,1349.959961
2012-02-09,65.599677,27.707001,1351.949951
2012-02-10,65.63293,27.463877,1342.640015
2012-02-13,66.854024,27.535914000000002,1351.77002
2012-02-14,67.766512,27.418084999999998,1350.5
2012-02-15,66.198247,27.236808,1343.22998
2012-02-16,66.802144,28.360723999999998,1358.040039
2012-02-17,66.790174,28.324468,1361.22998
2012-02-21,68.483474,28.496681,1362.209961
2012-02-22,68.242711,28.342596,1357.660034
2012-02-23,68.688313,28.433234999999996,1363.459961
2012-02-24,69.489072,28.532936,1365.73999
2012-02-27,69.934682,28.415107,1367.589966
2012-02-28,71.218289,28.886426,1372.180054
2012-02-29,72.153396,28.768596000000002,1365.680054
2012-03-01,72.423413,29.267107,1374.089966
2012-03-02,72.51785799999999,29.076767999999998,1369.630005
2012-03-05,70.919004,28.822978000000003,1364.329956
2012-03-06,70.533251,28.605446,1343.359985
2012-03-07,70.590452,28.859234000000004,1352.630005
2012-03-08,72.093532,29.013317999999998,1365.910034
2012-03-09,72.51653,28.995191,1370.869995
2012-03-12,73.425026,29.040511,1371.089966
2012-03-13,75.566592,29.61153,1395.949951
2012-03-14,78.423785,29.702171000000003,1394.280029
2012-03-15,77.889057,29.774679,1402.599976
2012-03-16,77.89038599999999,29.548084000000003,1404.170044
2012-03-19,79.956133,29.185533000000003,1409.75
2012-03-20,80.602589,28.995191,1405.52002
2012-03-21,80.142353,28.922681,1402.890015
2012-03-22,79.722026,29.004255,1392.780029
2012-03-23,79.284401,29.013317999999998,1397.109985
2012-03-26,80.738265,29.539021,1416.51001
2012-03-27,81.735893,29.475575,1412.52002
2012-03-28,82.153563,29.176467,1405.540039
2012-03-29,81.121354,29.113020000000002,1403.280029
2012-03-30,79.74995799999999,29.239913,1408.469971
2012-04-02,82.287911,29.267107,1419.040039
2012-04-03,83.709851,28.949872999999997,1413.380005
2012-04-04,83.04344,28.288211999999998,1398.959961
2012-04-05,84.28980200000001,28.569191999999997,1398.079956
2012-04-09,84.628996,28.188511,1382.199951
2012-04-10,83.592801,27.617489000000003,1358.589966
2012-04-11,83.294845,27.508724,1368.709961
2012-04-12,82.838594,28.079744,1387.569946
2012-04-13,80.505487,27.925659000000003,1370.26001
2012-04-16,77.166782,28.170383,1369.569946
2012-04-17,81.100071,28.496681,1390.780029
2012-04-18,80.919172,28.224765,1385.140015
2012-04-19,78.139127,28.106935999999997,1376.920044
2012-04-20,76.215712,29.384934,1378.530029
2012-04-23,76.045448,29.113020000000002,1366.939941
2012-04-24,74.52640500000001,28.931745000000003,1371.969971
2012-04-25,81.13998000000001,29.185533000000003,1390.689941
2012-04-26,80.834039,29.103958000000002,1399.97998
2012-04-27,80.208866,28.986127000000003,1403.359985
2012-04-30,77.67889,29.022383,1397.910034
2012-05-01,77.432813,29.013317999999998,1405.819946
2012-05-02,77.94492199999999,28.822978000000003,1402.310059
2012-05-03,77.391575,28.786724,1391.569946
2012-05-04,75.187495,28.079744,1369.099976
2012-05-07,75.750155,27.780638,1369.579956
2012-05-08,75.57723299999999,27.644681,1363.719971
2012-05-09,75.71025300000001,27.880340999999998,1354.579956
2012-05-10,75.888488,27.862213,1357.98999
2012-05-11,75.3817,28.242893,1353.390015
2012-05-14,74.25238900000001,27.80783,1338.349976
2012-05-15,73.58065699999999,27.561497999999997,1330.660034
2012-05-16,72.63757199999999,27.278677000000002,1324.800049
2012-05-17,70.51463199999999,27.114457,1304.859985
2012-05-18,70.549214,26.703909000000003,1295.219971
2012-05-21,74.659417,27.141827000000003,1315.98999
2012-05-22,74.086123,27.150951,1316.630005
2012-05-23,75.89380899999999,26.557935999999998,1318.859985
2012-05-24,75.196809,26.521441999999997,1320.680054
2012-05-25,74.79376500000001,26.512319,1317.819946
2012-05-29,76.121267,26.968484000000004,1332.420044
2012-05-30,77.03908299999999,26.767771999999997,1313.319946
2012-05-31,76.847542,26.630923,1310.329956
2012-06-01,74.62084300000001,25.955799,1278.040039
2012-06-04,75.059797,26.04703,1278.180054
2012-06-05,74.865599,26.010538,1285.5
2012-06-06,76.01353,26.776896,1315.130005
2012-06-07,76.04811099999999,26.667415000000002,1314.98999
2012-06-08,77.19205,27.050594,1325.660034
2012-06-11,75.974949,26.366346000000004,1308.930054
2012-06-12,76.638703,26.722156,1324.180054
2012-06-13,76.10664,26.576182,1314.880005
2012-06-14,76.022836,26.767771999999997,1329.099976
2012-06-15,76.368679,27.388157,1342.839966
2012-06-18,77.918318,27.223937,1344.780029
2012-06-19,78.135141,28.008542,1357.97998
2012-06-20,77.912997,28.218377,1355.689941
2012-06-21,76.839557,27.497636,1325.51001
2012-06-22,77.428821,28.008542,1335.02002
2012-06-25,75.921748,27.251308,1313.719971
2012-06-26,76.089349,27.388157,1319.98999
2012-06-27,76.417895,27.525006,1331.849976
2012-06-28,75.692955,27.2878,1329.040039
2012-06-29,77.681554,27.908184999999996,1362.160034
2012-07-02,78.814851,27.880814,1365.51001
2012-07-03,79.731332,28.063281,1374.02002
2012-07-05,81.131996,28.008542,1367.579956
2012-07-06,80.591948,27.543253000000004,1354.680054
2012-07-09,81.65741,27.369909999999997,1352.459961
2012-07-10,80.901881,27.132703999999997,1341.469971
2012-07-11,80.399078,26.731278000000003,1341.449951
2012-07-12,79.66349699999999,26.120017,1334.76001
2012-07-13,80.470905,26.813388,1356.780029
2012-07-16,80.728959,26.859005,1353.640015
2012-07-17,80.732945,27.059717,1363.670044
2012-07-18,80.642499,27.780459000000004,1372.780029
2012-07-19,81.71461,27.981171000000003,1376.51001
2012-07-20,80.381788,27.479390000000002,1362.660034
2012-07-23,80.31926700000001,26.713033000000003,1350.52002
2012-07-24,79.932186,26.594428999999998,1338.310059
2012-07-25,76.480416,26.302483000000002,1337.890015
2012-07-26,76.468446,26.603552,1360.02002
2012-07-27,77.83585,27.150951,1385.969971
2012-07-30,79.148724,27.04147,1385.300049
2012-07-31,81.241068,26.886374,1379.319946
2012-08-01,80.715654,26.831635,1375.319946
2012-08-02,80.846009,26.630923,1365.0
2012-08-03,81.898173,27.141827000000003,1390.98999
2012-08-06,82.809333,27.324294000000002,1394.22998
2012-08-07,82.591188,27.607115999999998,1401.349976
2012-08-08,82.45152,27.670979,1402.219971
2012-08-09,82.92174399999999,27.826075,1402.800049
2012-08-10,83.051325,27.753089000000003,1405.869995
2012-08-13,84.160101,27.725718,1404.109985
2012-08-14,84.385868,27.670617,1403.930054
2012-08-15,84.270976,27.734904999999998,1405.530029
2012-08-16,85.007047,28.267561999999998,1415.51001
2012-08-17,86.57937,28.377765999999998,1418.160034
2012-08-20,88.855703,28.230826,1418.130005
2012-08-21,87.641388,28.285928000000002,1413.170044
2012-08-22,89.352645,28.047152,1413.48999
2012-08-23,88.519062,27.790007,1402.079956
2012-08-24,88.597875,28.065518,1411.130005
2012-08-27,90.262374,28.184908,1410.439941
2012-08-28,90.144821,28.129803999999996,1409.300049
2012-08-29,89.967148,28.148172,1410.48999
2012-08-30,88.68470699999999,27.845108000000003,1399.47998
2012-08-31,88.867724,28.304296,1406.579956
2012-09-04,90.16753,27.909394,1404.939941
2012-09-05,89.534329,27.909394,1403.439941
2012-09-06,90.34119399999999,28.791034999999997,1432.119995
2012-09-07,90.89825,28.423685,1437.920044
2012-09-10,88.533752,28.212458,1429.079956
2012-09-11,88.246544,28.276746000000003,1433.560059
2012-09-12,89.475549,28.267561999999998,1436.560059
2012-09-13,91.237567,28.414501,1459.98999
2012-09-14,92.346343,28.662460999999997,1465.77002
2012-09-17,93.481837,28.662460999999997,1461.189941
2012-09-18,93.766376,28.634911,1459.319946
2012-09-19,93.79176,28.515521000000003,1461.050049
2012-09-20,93.33756,28.882871999999995,1460.26001
2012-09-21,93.52324499999999,28.644095,1460.150024
2012-09-24,92.280885,28.267561999999998,1456.890015
2012-09-25,89.976501,27.909394,1441.589966
2012-09-26,88.859705,27.707353,1433.319946
2012-09-27,91.01581,27.698169,1447.150024
2012-09-28,89.116199,27.330819,1440.670044
2012-10-01,88.086236,27.082858,1444.48999
2012-10-02,88.34272299999999,27.238982,1445.75
2012-10-03,89.697298,27.422657,1450.98999
2012-10-04,89.07611800000001,27.578781,1461.400024
2012-10-05,87.177842,27.413473,1460.930054
2012-10-08,85.251513,27.349187,1455.880005
2012-10-09,84.94159,26.89,1441.47998
2012-10-10,85.61754,26.614487,1432.560059
2012-10-11,83.906283,26.586937,1432.839966
2012-10-12,84.121362,26.81653,1428.589966
2012-10-15,84.795978,27.101226,1440.130005
2012-10-16,86.803795,27.082858,1454.920044
2012-10-17,86.111814,27.174696,1460.910034
2012-10-18,84.512773,27.092042,1457.339966
2012-10-19,81.466981,26.302239,1433.189941
2012-10-22,84.698459,25.71448,1433.819946
2012-10-23,81.937205,25.760398000000002,1413.109985
2012-10-24,82.400752,25.622643,1408.75
2012-10-25,81.4269,25.604275,1412.969971
2012-10-26,80.686826,25.907338,1411.939941
2012-10-31,79.527289,26.210403,1412.160034
2012-11-01,79.69026600000001,27.110409999999998,1427.589966
2012-11-02,77.05325,27.092042,1414.199951
2012-11-05,78.097903,27.21143,1417.26001
2012-11-06,77.861449,27.422657,1428.390015
2012-11-07,74.882267,26.706325,1394.530029
2012-11-08,72.164763,26.458363000000002,1377.51001
2012-11-09,73.414144,26.476731,1379.849976
2012-11-12,72.846488,25.916522,1380.030029
2012-11-13,72.855884,25.083194,1374.530029
2012-11-14,72.048013,24.851714,1355.48999
2012-11-15,70.536946,24.685048000000002,1353.329956
2012-11-16,70.813396,24.55542,1359.880005
2012-11-19,75.91961500000001,24.749862,1386.890015
2012-11-20,75.272779,24.731343,1387.810059
2012-11-21,75.378799,24.953566,1391.030029
2012-11-23,76.693937,25.648006,1409.150024
2012-11-26,79.11352,25.360970000000002,1406.290039
2012-11-27,78.476079,25.073935000000002,1398.939941
2012-11-28,78.229157,25.333192999999998,1409.930054
2012-11-29,79.0907,24.953566,1415.949951
2012-11-30,78.543176,24.648011999999998,1416.180054
2012-12-03,78.6653,24.472087,1409.459961
2012-12-04,77.27769,24.416532,1407.050049
2012-12-05,72.304331,24.694307000000002,1409.280029
2012-12-06,73.43829699999999,24.749862,1413.939941
2012-12-07,71.560877,24.499863,1418.069946
2012-12-10,71.100574,24.944306,1418.550049
2012-12-11,72.653246,25.296156,1427.839966
2012-12-12,72.332512,25.222082,1428.47998
2012-12-13,71.08313000000001,25.101713,1419.449951
2012-12-14,68.412598,24.823936,1413.579956
2012-12-17,69.625743,25.092454,1430.359985
2012-12-18,71.648106,25.518376,1446.790039
2012-12-19,70.629543,25.286896,1435.810059
2012-12-20,70.014921,25.629488000000002,1443.689941
2012-12-21,69.692847,25.416526,1430.150024
2012-12-24,69.80556800000001,25.055416,1426.660034
2012-12-26,68.843373,24.870233,1419.829956
2012-12-27,69.119823,24.962823999999998,1418.099976
2012-12-28,68.385757,24.583196,1402.430054
2012-12-31,71.415941,24.731343,1426.189941
2013-01-02,73.67851,25.573933,1462.420044
2013-01-03,72.74852299999999,25.231341,1459.369995
2013-01-04,70.722139,24.759122,1466.469971
2013-01-07,70.306128,24.712826,1461.890015
2013-01-08,70.495349,24.583196,1457.150024
2013-01-09,69.393585,24.722085999999997,1461.02002
2013-01-10,70.253788,24.499863,1472.119995
2013-01-11,69.82302,24.842454999999998,1472.050049
2013-01-14,67.333653,24.898009,1470.680054
2013-01-15,65.209304,25.194304000000002,1472.339966
2013-01-16,67.916066,25.036899,1472.630005
2013-01-17,67.458458,25.231341,1480.939941
2013-01-18,67.098807,25.231341,1485.97998
2013-01-22,67.738928,25.138749,1492.560059
2013-01-23,68.978914,25.564673000000003,1494.810059
2013-01-24,60.456019999999995,25.58319,1494.819946
2013-01-25,59.03084499999999,25.814671,1502.959961
2013-01-28,60.366111,25.842449,1500.180054
2013-01-29,61.498736,25.935041000000002,1507.839966
2013-01-30,61.305493999999996,25.786894,1501.959961
2013-01-31,61.125668999999995,25.416526,1498.109985
2013-02-01,60.87471899999999,25.860968,1513.170044
2013-02-04,59.358287,25.407267,1495.709961
2013-02-05,61.441035,25.462822,1511.290039
2013-02-06,61.375279000000006,25.314674,1512.119995
2013-02-07,63.2002,25.259120000000003,1509.390015
2013-02-08,64.112662,25.509117,1517.930054
2013-02-11,64.780814,25.796154,1517.01001
2013-02-12,63.157006,25.814671,1519.430054
2013-02-13,63.036873,25.95356,1520.329956
2013-02-14,62.980183,25.96282,1521.380005
2013-02-15,62.112264,25.935041000000002,1519.790039
2013-02-19,62.089318999999996,26.187108,1530.939941
2013-02-20,60.585643000000005,26.019064,1511.949951
2013-02-21,60.20905,25.6643,1502.420044
2013-02-22,60.850202,25.916369,1515.599976
2013-02-25,59.769013,25.552270999999998,1487.849976
2013-02-26,60.601841,25.552270999999998,1496.939941
2013-02-27,60.007927,25.963048,1515.98999
2013-02-28,59.580043999999994,25.953712,1514.680054
2013-03-01,58.104717,26.093751,1518.199951
2013-03-04,56.698225,26.280466999999998,1525.199951
2013-03-05,58.19515,26.467184999999997,1539.790039
2013-03-06,57.455462,26.224453000000004,1541.459961
2013-03-07,58.119563,26.271131,1544.26001
2013-03-08,58.27344,26.14043,1551.180054
2013-03-11,59.103564,26.019064,1556.219971
2013-03-12,57.82935500000001,26.056407,1552.47998
2013-03-13,57.818557,26.065742999999998,1554.52002
2013-03-14,58.378723,26.271131,1563.22998
2013-03-15,59.885098,26.177774,1560.699951
2013-03-18,61.512955000000005,26.233789,1552.099976
2013-03-19,61.346924,26.308476000000002,1548.339966
2013-03-20,61.021625,26.439177,1558.709961
2013-03-21,61.109362,26.243125,1545.800049
2013-03-22,62.348478,26.373826,1556.890015
2013-03-25,62.573893999999996,26.289803000000003,1551.689941
2013-03-26,62.24454300000001,26.289803000000003,1563.77002
2013-03-27,61.021625,26.485858,1562.849976
2013-03-28,59.75011899999999,26.709918,1569.189941
2013-04-01,57.894147,26.709918,1562.170044
2013-04-02,58.012928,26.887297999999998,1570.25
2013-04-03,58.309883,26.663238,1553.689941
2013-04-04,57.733518999999994,26.700582,1559.97998
2013-04-05,57.123411,26.793940999999997,1553.280029
2013-04-08,57.529701,26.691246000000003,1563.069946
2013-04-09,57.633635999999996,27.643504999999998,1568.609985
2013-04-10,58.809309,28.269008000000003,1587.72998
2013-04-11,58.625735999999996,27.018002000000003,1593.369995
2013-04-12,58.01428000000001,26.877964000000002,1588.849976
2013-04-15,56.671231999999996,26.784605,1552.359985
2013-04-16,57.533752,27.046008,1574.569946
2013-04-17,54.369827,26.915307000000002,1552.01001
2013-04-18,52.91879300000001,26.877964000000002,1541.609985
2013-04-19,52.713626,27.792879,1555.25
2013-04-22,53.812360999999996,28.78248,1562.5
2013-04-23,54.819306999999995,28.567756,1578.780029
2013-04-24,54.728871,29.650716,1578.790039
2013-04-25,55.123013,29.818762,1585.160034
2013-04-26,56.31353299999999,29.678724,1582.23999
2013-04-29,58.057471,30.444265,1593.609985
2013-04-30,59.766313000000004,30.901721000000002,1597.569946
2013-05-01,59.295235999999996,30.54696,1582.699951
2013-05-02,60.136159,30.957736999999998,1597.589966
2013-05-03,60.738170999999994,31.265822999999997,1614.420044
2013-05-06,62.186499,31.508553999999997,1617.5
2013-05-07,61.90979300000001,31.097777,1625.959961
2013-05-08,62.608986,30.799028999999997,1632.689941
2013-05-09,62.06276999999999,30.490944,1626.670044
2013-05-10,61.546455,30.51895,1633.699951
2013-05-13,61.786954,30.836370000000002,1633.77002
2013-05-14,60.308653,31.522668,1650.339966
2013-05-15,58.269195999999994,31.82351,1658.780029
2013-05-16,59.047751,32.039744,1650.469971
2013-05-17,58.868396999999995,32.782446,1667.469971
2013-05-20,60.18229,32.979877,1666.290039
2013-05-21,59.737984,32.763643,1669.160034
2013-05-22,59.967608999999996,32.538013,1655.349976
2013-05-23,60.07495,32.105553,1650.51001
2013-05-24,60.483928000000006,32.218368,1649.599976
2013-05-28,59.97984,32.923468,1660.060059
2013-05-29,60.456753000000006,32.79185,1648.359985
2013-05-30,61.357592000000004,32.932867,1654.410034
2013-05-31,61.106230000000004,32.810653,1630.73999
2013-06-03,61.240742000000004,33.459343,1640.420044
2013-06-04,61.049158999999996,32.895265,1631.380005
2013-06-05,60.47849300000001,32.697834,1608.900024
2013-06-06,59.574936,32.867058,1622.560059
2013-06-07,60.030112,33.534552000000005,1643.380005
2013-06-10,59.633361,33.346528,1642.810059
2013-06-11,59.458086,32.754243,1626.130005
2013-06-12,58.723012,32.904665,1612.52002
2013-06-13,59.235252,32.641428000000005,1636.359985
2013-06-14,58.432244,32.340586,1626.72998
2013-06-17,58.697196999999996,32.904665,1639.040039
2013-06-18,58.665943999999996,32.885861,1651.810059
2013-06-19,57.474336,32.51921,1628.930054
2013-06-20,56.63736,31.485065000000002,1588.189941
2013-06-21,56.183544,31.278234,1592.430054
2013-06-24,54.694373,31.701295000000002,1573.089966
2013-06-25,54.706601,31.654286,1588.030029
2013-06-26,54.087019,32.293577,1603.26001
2013-06-27,53.504123,32.547413,1613.199951
2013-06-28,53.877777,32.472204,1606.280029
2013-07-01,55.602005000000005,32.30298,1614.959961
2013-07-02,56.861551,31.908122,1614.079956
2013-07-03,57.175416000000006,31.973931,1615.410034
2013-07-05,56.716165000000004,32.161958,1631.890015
2013-07-08,56.394147,32.274777,1640.459961
2013-07-09,57.38601800000001,32.293577,1652.319946
2013-07-10,57.16590600000001,32.622625,1652.619995
2013-07-11,58.057233,33.553354999999996,1675.02002
2013-07-12,57.951253,33.534552000000005,1680.189941
2013-07-15,58.077616000000006,34.004619,1682.5
2013-07-16,58.452622999999996,34.098634000000004,1676.26001
2013-07-17,58.467572,33.600365000000004,1680.910034
2013-07-18,58.664587,33.318321999999995,1689.369995
2013-07-19,57.739289,29.520184000000004,1692.089966
2013-07-22,57.924078,30.093665,1695.530029
2013-07-23,56.929485,29.91504,1692.390015
2013-07-24,59.853477000000005,30.046659000000002,1685.939941
2013-07-25,59.580371,29.510783,1690.25
2013-07-26,59.918696999999995,29.727015,1691.6500239999998
2013-07-29,60.842634,29.651804,1685.3299559999998
2013-07-30,61.594013000000004,29.943245,1685.959961
2013-07-31,61.48666899999999,29.933844,1685.72998
2013-08-01,62.050543000000005,29.774021,1706.869995
2013-08-02,62.846759999999996,29.98085,1709.6700440000002
2013-08-05,63.785644999999995,29.802225,1707.140015
2013-08-06,63.21497900000001,29.689409,1697.369995
2013-08-07,63.178291,30.140674,1690.910034
2013-08-08,63.052462,30.920983000000003,1697.47998
2013-08-09,62.155243999999996,30.742359000000004,1691.4200440000002
2013-08-12,63.920953000000004,30.902179999999998,1689.469971
2013-08-13,66.958616,30.514009,1694.160034
2013-08-14,68.179978,30.627619,1685.390015
2013-08-15,68.09928000000001,30.097437,1661.319946
2013-08-16,68.703808,30.106903000000003,1655.829956
2013-08-19,69.443735,29.718732,1646.060059
2013-08-20,68.531477,29.936488,1652.349976
2013-08-21,68.707913,29.927020000000002,1642.800049
2013-08-22,68.789969,30.665490000000002,1656.959961
2013-08-23,68.52464,32.899840000000005,1663.5
2013-08-26,68.79134300000001,32.331786,1656.780029
2013-08-27,66.82458100000001,31.489169,1630.47998
2013-08-28,67.140522,31.261948999999998,1634.959961
2013-08-29,67.249941,31.763728999999998,1638.170044
2013-08-30,66.637211,31.621717999999998,1632.969971
2013-09-03,66.823215,30.182643,1639.77002
2013-09-04,68.205967,29.538849,1653.079956
2013-09-05,67.738206,29.567251000000002,1655.079956
2013-09-06,68.14168199999999,29.491509999999998,1655.170044
2013-09-09,69.229003,29.974357,1671.709961
2013-09-10,67.65204399999999,30.665490000000002,1683.9899899999998
2013-09-11,63.968818999999996,30.996858000000003,1689.130005
2013-09-12,64.649939,30.949516999999997,1683.4200440000002
2013-09-13,63.584495,31.271415,1687.9899899999998
2013-09-16,61.563031,31.053660999999998,1697.5999760000002
2013-09-17,62.274238000000004,31.176740000000002,1704.7600100000002
2013-09-18,63.554407999999995,31.545975,1725.52002
2013-09-19,64.59659599999999,31.848938,1722.339966
2013-09-20,63.92779,31.044195000000002,1709.910034
2013-09-23,67.104965,30.996858000000003,1701.839966
2013-09-24,66.894338,30.722296999999998,1697.4200440000002
2013-09-25,65.858987,30.7791,1692.77002
2013-09-26,66.500438,31.025259000000002,1698.6700440000002
2013-09-27,66.025847,31.498638,1691.75
2013-09-30,65.205221,31.508104,1681.550049
2013-10-01,66.73841999999999,31.792134000000004,1695.0
2013-10-02,66.95725,32.114028999999995,1693.869995
2013-10-03,66.116113,32.057226,1678.660034
2013-10-04,66.064143,32.076161,1690.5
2013-10-07,66.709699,31.527040000000003,1676.119995
2013-10-08,65.778289,31.252478999999997,1655.449951
2013-10-09,66.55104200000001,31.309286,1656.400024
2013-10-10,66.968192,31.962547999999998,1692.560059
2013-10-11,67.401754,32.312851,1703.199951
2013-10-14,67.843519,32.615813,1710.140015
2013-10-15,68.204594,32.653684000000005,1698.060059
2013-10-16,68.536948,32.795696,1721.540039
2013-10-17,69.000597,33.060787,1733.1500239999998
2013-10-18,69.601019,33.098658,1744.5
2013-10-21,71.306549,33.127063,1744.660034
2013-10-22,71.102758,32.738892,1754.6700440000002
2013-10-23,71.798918,31.962547999999998,1746.380005
2013-10-24,72.749473,31.92468,1752.069946
2013-10-25,71.935692,33.827662,1759.77002
2013-10-28,72.471829,33.676181,1762.109985
2013-10-29,70.666464,33.628844,1771.949951
2013-10-30,71.790716,33.647779,1763.310059
2013-10-31,71.489814,33.5247,1756.540039
2013-11-01,71.12464200000001,33.63831,1761.640015
2013-11-04,72.043737,34.02648,1767.930054
2013-11-05,71.865936,34.689212,1762.969971
2013-11-06,71.66233100000001,36.147220000000004,1770.4899899999998
2013-11-07,70.502627,35.503424,1747.1500239999998
2013-11-08,71.61280500000001,35.768515,1770.609985
2013-11-11,71.405077,35.588632000000004,1771.890015
2013-11-12,71.537139,35.370878000000005,1767.689941
2013-11-13,71.622437,36.128284,1782.0
2013-11-14,72.65833,35.995739,1790.619995
2013-11-15,72.222236,35.825322,1798.180054
2013-11-18,71.34729300000001,35.219397,1791.530029
2013-11-19,71.47385899999999,35.047688,1787.869995
2013-11-20,70.84792,35.372027,1781.369995
2013-11-21,71.692593,35.677287,1795.8499760000002
2013-11-22,71.50825,35.839455,1804.7600100000002
2013-11-25,72.050273,35.906231,1802.47998
2013-11-26,73.37918499999999,35.629588,1802.75
2013-11-27,75.107051,35.868072,1807.22998
2013-11-29,76.497869,36.373662,1805.810059
2013-12-02,75.832042,36.678922,1800.9000239999998
2013-12-03,77.90795,36.545371,1795.1500239999998
2013-12-04,77.726362,37.146349,1792.810059
2013-12-05,78.12531,36.249649,1785.030029
2013-12-06,77.041265,36.593067,1805.089966
2013-12-09,77.923084,36.926944,1808.369995
2013-12-10,77.802021,36.354583,1802.619995
2013-12-11,77.225607,35.877614,1782.219971
2013-12-12,77.112802,35.505578,1775.5
2013-12-13,76.272258,34.999989,1775.319946
2013-12-16,76.694598,35.190777000000004,1786.540039
2013-12-17,76.349298,34.837821000000005,1781.0
2013-12-18,75.76875600000001,34.895058,1810.6500239999998
2013-12-19,74.900697,34.580257,1809.5999760000002
2013-12-20,75.52801,35.104921999999995,1818.319946
2013-12-23,78.426587,34.933213,1827.9899899999998
2013-12-24,78.093666,35.372027,1833.319946
2013-12-26,77.575037,35.715441999999996,1842.02002
2013-12-27,77.05089699999999,35.572354,1841.4000239999998
2013-12-30,76.284638,35.572354,1841.069946
2013-12-31,77.178837,35.686825,1848.359985
2014-01-02,76.093418,35.448341,1831.97998
2014-01-03,74.421961,35.209856,1831.369995
2014-01-06,74.827786,34.465786,1826.77002
2014-01-07,74.292647,34.732887,1837.880005
2014-01-08,74.763132,34.112826,1837.4899899999998
2014-01-09,73.808402,33.89342,1838.130005
2014-01-10,73.315905,34.379931,1842.369995
2014-01-13,73.699725,33.368755,1819.199951
2014-01-14,75.166209,34.131904999999996,1838.880005
2014-01-15,76.67533399999999,35.066764,1848.380005
2014-01-16,76.247499,35.190777000000004,1845.890015
2014-01-17,74.379312,34.70427,1838.699951
2014-01-21,75.534887,34.50394,1843.800049
2014-01-22,75.87055500000001,34.274997,1844.859985
2014-01-23,76.513003,34.39901,1828.459961
2014-01-24,75.122186,35.114464,1790.290039
2014-01-27,75.731617,34.37039,1781.560059
2014-01-28,69.678584,34.599336,1792.5
2014-01-29,68.887566,34.971371999999995,1774.199951
2014-01-30,68.75412299999999,35.16216,1794.189941
2014-01-31,68.866928,36.097019,1782.589966
2014-02-03,68.99486800000001,34.799662,1741.890015
2014-02-04,69.993622,34.675649,1755.199951
2014-02-05,70.51638100000001,34.170063,1751.640015
2014-02-06,70.92740400000001,34.513482,1773.430054
2014-02-07,71.919675,34.875979,1797.02002
2014-02-10,73.208108,35.104921999999995,1799.839966
2014-02-11,74.1727,35.457878,1819.75
2014-02-12,74.167165,35.744063,1819.2600100000002
2014-02-13,75.344882,35.877614,1829.8299559999998
2014-02-14,75.28399499999999,35.887151,1838.630005
2014-02-18,75.56077900000001,35.964038,1840.7600100000002
2014-02-19,74.367836,36.050537,1828.75
2014-02-20,73.507035,36.2812,1839.780029
2014-02-21,72.69052099999999,36.502251,1836.25
2014-02-24,73.008826,36.223534,1847.609985
2014-02-25,72.249052,36.079372,1845.119995
2014-02-26,71.597223,36.012096,1845.160034
2014-02-27,73.02543399999999,36.386921,1854.290039
2014-02-28,72.827527,36.819413,1859.449951
2014-03-03,73.037888,36.310032,1845.72998
2014-03-04,73.51948900000001,36.91552,1873.910034
2014-03-05,73.674492,36.627194,1873.810059
2014-03-06,73.451677,36.665638,1877.030029
2014-03-07,73.40878000000001,36.425365,1878.040039
2014-03-10,73.475202,36.348476,1877.1700440000002
2014-03-11,74.19069,36.540695,1867.630005
2014-03-12,74.26265500000001,36.780968,1868.199951
2014-03-13,73.437841,36.415753,1846.339966
2014-03-14,72.613019,36.233146000000005,1841.130005
2014-03-17,72.896728,36.569527,1858.8299559999998
2014-03-18,73.54163199999999,38.011164,1872.25
2014-03-19,73.52226,37.742059999999995,1860.77002
2014-03-20,73.167976,38.760818,1872.0100100000002
2014-03-21,73.745068,38.597429999999996,1866.52002
2014-03-24,74.61971199999999,38.924202,1857.439941
2014-03-25,75.422383,38.770427000000005,1865.619995
2014-03-26,74.70136,38.241828000000005,1852.560059
2014-03-27,74.38029,37.828558,1849.040039
2014-03-28,74.297252,38.731983,1857.619995
2014-03-31,74.28064499999999,39.395138,1872.339966
2014-04-01,74.960154,39.808403999999996,1885.52002
2014-04-02,75.08470600000001,39.741128,1890.9000239999998
2014-04-03,74.56435400000001,39.414357,1888.77002
2014-04-04,73.599762,38.318713,1865.089966
2014-04-07,72.444181,38.251437,1845.040039
2014-04-08,72.440034,38.270659,1851.959961
2014-04-09,73.392172,38.89537,1872.180054
2014-04-10,72.44556999999999,37.828558,1833.0799559999998
2014-04-11,71.909993,37.684393,1815.689941
2014-04-14,72.19645799999999,37.655561,1830.609985
2014-04-15,71.68164200000001,38.203383,1842.97998
2014-04-16,71.82695600000001,38.828094,1862.310059
2014-04-17,72.647624,38.453265,1864.8499760000002
2014-04-21,73.509807,38.385989,1871.890015
2014-04-22,73.58315400000001,38.434047,1879.550049
2014-04-23,72.62132700000001,38.145716,1875.390015
2014-04-24,78.57496,38.309104,1878.609985
2014-04-25,79.152052,38.357158,1863.4000239999998
2014-04-28,82.217446,39.279804,1869.430054
2014-04-29,81.97386999999999,38.933811,1878.3299559999998
2014-04-30,81.663872,38.828094,1883.949951
2014-05-01,81.856243,38.443656,1883.680054
2014-05-02,82.00847399999999,38.145716,1881.140015
2014-05-05,83.168195,37.895834,1884.660034
2014-05-06,82.261732,37.540231,1867.719971
2014-05-07,81.97386999999999,37.886221,1878.209961
2014-05-08,81.827751,38.097662,1875.630005
2014-05-09,81.486798,38.001554999999996,1878.47998
2014-05-12,82.501311,38.414823999999996,1896.6500239999998
2014-05-13,82.630736,39.121369,1897.449951
2014-05-14,82.646039,38.947155,1888.530029
2014-05-15,81.94325500000001,38.327714,1870.8499760000002
2014-05-16,83.152604,38.550328,1877.859985
2014-05-19,84.13789399999999,38.472896,1885.0799559999998
2014-05-20,84.154595,38.405146,1872.8299559999998
2014-05-21,84.377257,39.053618,1888.030029
2014-05-22,84.510851,38.81165,1892.4899899999998
2014-05-23,85.46552700000001,38.831008000000004,1900.530029
2014-05-27,87.06593000000001,38.898759000000005,1911.910034
2014-05-28,86.84048100000001,38.724540999999995,1909.780029
2014-05-29,88.422787,39.043941,1920.030029
2014-05-30,88.091577,39.624662,1923.569946
2014-06-02,87.48620799999999,39.479484,1924.969971
2014-06-03,88.723383,38.995548,1924.2399899999998
2014-06-04,89.73650699999999,39.024583,1927.880005
2014-06-05,90.088594,39.885988,1940.459961
2014-06-06,89.840885,40.147314,1949.439941
2014-06-09,91.27845500000001,39.944062,1951.27002
2014-06-10,91.81424399999999,39.789202,1950.790039
2014-06-11,91.434324,39.547234,1943.890015
2014-06-12,89.904899,39.276232,1930.109985
2014-06-13,88.920999,39.905346,1936.160034
2014-06-16,89.81722099999999,40.166672,1937.780029
2014-06-17,89.700327,40.340889000000004,1941.9899899999998
2014-06-18,89.797741,40.311854,1956.97998
2014-06-19,89.486011,40.176349,1959.47998
2014-06-20,88.560565,40.340889000000004,1962.869995
2014-06-23,88.48263100000001,40.64093,1962.609985
2014-06-24,87.946842,40.408640000000005,1949.97998
2014-06-25,88.024776,40.679642,1959.530029
2014-06-26,88.550822,40.379605,1957.219971
2014-06-27,89.602913,40.892575,1960.959961
2014-06-30,90.528358,40.360246999999994,1960.22998
2014-07-01,91.103107,40.524783,1973.319946
2014-07-02,91.06414699999999,40.553822,1974.619995
2014-07-03,91.599929,40.457032,1985.439941
2014-07-07,93.489795,40.64093,1977.6500239999998
2014-07-08,92.88581500000001,40.437675,1963.709961
2014-07-09,92.924782,40.331208000000004,1972.8299559999998
2014-07-10,92.58382900000001,40.350566,1964.680054
2014-07-11,92.75917700000001,40.737716,1967.569946
2014-07-14,93.957386,40.786109,1977.0999760000002
2014-07-15,92.85659100000001,41.08615,1973.280029
2014-07-16,92.330546,42.663782,1981.569946
2014-07-17,90.684219,43.099321,1958.119995
2014-07-18,91.989593,43.254181,1978.219971
2014-07-21,91.512258,43.399363,1973.630005
2014-07-22,92.272099,43.389686,1983.530029
2014-07-23,94.678267,43.428398,1987.0100100000002
2014-07-24,94.522398,42.973501,1987.97998
2014-07-25,95.14585799999999,43.070285999999996,1978.339966
2014-07-28,96.46096700000001,42.557316,1978.910034
2014-07-29,95.837508,42.479884000000006,1969.949951
2014-07-30,95.613456,42.179846000000005,1970.069946
2014-07-31,93.129354,41.773338,1930.6700440000002
2014-08-01,93.645656,41.482978,1925.1500239999998
2014-08-04,93.11961,41.976591,1938.9899899999998
2014-08-05,92.661763,41.695910999999995,1920.209961
2014-08-06,92.505895,41.366834000000004,1920.2399899999998
2014-08-07,92.496107,41.841089000000004,1909.569946
2014-08-08,92.750642,41.812053999999996,1931.589966
2014-08-11,93.97439399999999,41.812053999999996,1936.9200440000002
2014-08-12,93.954817,42.121773,1933.75
2014-08-13,95.198146,42.663782,1946.719971
2014-08-14,95.452689,42.847676,1955.180054
2014-08-15,95.922613,43.350970000000004,1955.060059
2014-08-18,97.077836,43.660689,1971.7399899999998
2014-08-19,98.419064,44.147649,1981.5999760000002
2014-08-20,98.458225,43.77756,1986.5100100000002
2014-08-21,98.468017,44.040517,1992.369995
2014-08-22,99.192476,43.972344,1988.4000239999998
2014-08-25,99.40785799999999,43.991819,1997.9200440000002
2014-08-26,98.771505,43.835992,2000.02002
2014-08-27,99.985465,43.699644,2000.119995
2014-08-28,100.102948,43.709386,1996.7399899999998
2014-08-29,100.347699,44.245039,2003.369995
2014-09-02,101.130903,43.913907,2002.280029
2014-09-03,96.862454,43.787296999999995,2000.719971
2014-09-04,96.059673,44.079471000000005,1997.6500239999998
2014-09-05,96.891823,44.712519,2007.709961
2014-09-08,96.29463100000001,45.257913,2001.540039
2014-09-09,95.93239799999999,45.540346,1988.439941
2014-09-10,98.879196,45.618262,1995.689941
2014-09-11,99.300167,45.774088,1997.449951
2014-09-12,99.525341,45.481914,1985.540039
2014-09-15,99.495964,45.033913,1984.130005
2014-09-16,98.742136,45.540346,1998.97998
2014-09-17,99.447019,45.306609,2001.569946
2014-09-18,99.652608,45.462435,2011.359985
2014-09-19,98.840035,46.280525,2010.4000239999998
2014-09-22,98.937934,45.832524,1994.290039
2014-09-23,100.484758,45.345566,1982.77002
2014-09-24,99.613447,45.852003,1998.300049
2014-09-25,95.814922,44.839129,1965.9899899999998
2014-09-26,98.634445,45.199477,1982.8499760000002
2014-09-29,98.007885,45.228693,1977.800049
2014-09-30,98.634445,45.150782,1972.290039
2014-10-01,97.097413,44.702781,1946.160034
2014-10-02,97.802295,44.56643,1946.1700440000002
2014-10-03,97.528176,44.887824,1967.9000239999998
2014-10-06,97.528176,44.887824,1964.819946
2014-10-07,96.67644200000001,44.342428999999996,1935.0999760000002
2014-10-08,98.683398,45.559825,1968.890015
2014-10-09,98.89877299999999,44.654082,1928.209961
2014-10-10,98.614869,42.881554,1906.130005
2014-10-13,97.71418100000001,42.511468,1874.7399899999998
2014-10-14,96.67644200000001,42.58938,1877.699951
2014-10-15,95.49185,42.092684000000006,1862.4899899999998
2014-10-16,94.238729,41.625204,1862.7600100000002
2014-10-17,95.619118,42.49199,1886.7600100000002
2014-10-20,97.665236,42.930253,1904.0100100000002
2014-10-21,100.31833,43.709386,1941.280029
2014-10-22,100.82740799999999,43.222427,1927.109985
2014-10-23,102.628775,43.845733,1950.819946
2014-10-24,103.01058499999999,44.926782,1964.5799559999998
2014-10-27,102.90289399999999,44.712519,1961.630005
2014-10-28,104.498665,45.277392,1985.050049
2014-10-29,105.08606499999999,45.403999,1982.300049
2014-10-30,104.733631,44.848865999999994,1994.6500239999998
2014-10-31,105.73220900000001,45.725393,2018.050049
2014-11-03,107.102814,46.20261,2017.810059
2014-11-04,106.31960900000001,46.32922,2012.0999760000002
2014-11-05,106.574152,46.611657,2023.569946
2014-11-06,106.878957,47.429747,2031.209961
2014-11-07,107.183769,47.410269,2031.9200440000002
2014-11-10,107.00678400000001,47.61479,2038.2600100000002
2014-11-11,107.862204,47.595310999999995,2039.680054
2014-11-12,109.38623999999999,47.507659000000004,2038.25
2014-11-13,110.92993799999999,48.316012,2039.3299559999998
2014-11-14,112.267154,48.286795,2039.819946
2014-11-17,112.080335,48.169923,2041.319946
2014-11-18,113.53554399999999,47.768099,2051.800049
2014-11-19,112.748943,47.258468,2048.719971
2014-11-20,114.36146799999999,47.728896,2052.75
2014-11-21,114.518791,47.023252,2063.5
2014-11-24,116.642601,46.641028999999996,2069.409912
2014-11-25,115.62985800000001,46.523423,2067.030029
2014-11-26,117.006405,46.797838,2072.830078
2014-11-28,116.937578,46.856643,2067.560059
2014-12-01,113.14224399999999,47.650489,2053.439941
2014-12-02,112.70961299999999,47.49368,2066.550049
2014-12-03,113.98783700000001,47.12126,2074.330078
2014-12-04,113.55520600000001,47.866103,2071.919922
2014-12-05,113.07341699999999,47.454477000000004,2075.3701170000004
2014-12-08,110.516976,46.748836,2060.310059
2014-12-09,112.20816200000002,46.641028999999996,2059.820068
2014-12-10,110.07451,45.964789,2026.140015
2014-12-11,109.75004399999999,46.229402,2035.3299559999998
2014-12-12,107.89170800000001,46.013791999999995,2002.3299559999998
2014-12-15,106.41683700000002,45.739371999999996,1989.630005
2014-12-16,104.961628,44.259484,1972.7399899999998
2014-12-17,107.577069,44.827921,2012.890015
2014-12-18,110.76278700000002,46.572425,2061.22998
2014-12-19,109.90736000000001,46.709633000000004,2070.649902
2014-12-22,111.04793000000001,47.023252,2078.540039
2014-12-23,110.65463000000001,47.483881,2082.169922
2014-12-24,110.13351000000002,47.180061,2081.8798829999996
2014-12-26,112.080335,46.925247,2088.77002
2014-12-29,112.001681,46.503821,2090.570068
2014-12-30,110.634961,46.082396,2080.350098
2014-12-31,108.53081200000001,45.523762,2058.899902
2015-01-02,107.498407,45.827578,2058.199951
2015-01-05,104.470005,45.406156,2020.5799559999998
2015-01-06,104.479839,44.739715000000004,2002.609985
2015-01-07,105.944875,45.308147999999996,2025.9000239999998
2015-01-08,110.015518,46.641028999999996,2062.139893
2015-01-09,110.13351000000002,46.249004,2044.810059
2015-01-12,107.41974599999999,45.670769,2028.2600100000002
2015-01-13,108.373497,45.435556,2023.030029
2015-01-14,107.96053500000001,45.043531,2011.27002
2015-01-15,105.030455,44.573103,1992.6700440000002
2015-01-16,104.21435799999999,45.31795,2019.4200440000002
2015-01-20,106.89862600000001,45.464957,2022.550049
2015-01-21,107.71472299999999,45.004328,2032.119995
2015-01-22,110.516976,46.190203000000004,2063.149902
2015-01-23,111.08726100000001,46.239205,2051.820068
2015-01-26,111.205246,46.072593,2057.090088
2015-01-27,107.31158799999999,41.809336,2029.550049
2015-01-28,113.378221,40.368646999999996,2002.160034
2015-01-29,116.90808200000001,41.172296,2021.25
2015-01-30,115.19723400000001,39.594403,1994.9899899999998
2015-02-02,116.642601,40.456853,2020.8499760000002
2015-02-03,116.66226999999999,40.770471,2050.030029
2015-02-04,117.55702099999999,41.005687,2041.5100100000002
2015-02-05,118.39608,41.603524,2062.52002
2015-02-06,117.399079,41.564321,2055.469971
2015-02-09,118.17891100000001,41.515319,2046.7399899999998
2015-02-10,120.449299,41.750531,2068.590088
2015-02-11,123.272485,41.53492,2068.530029
2015-02-12,124.832148,42.230762,2088.47998
2015-02-13,125.44417,42.995207,2096.98999
2015-02-17,126.18451599999999,43.01495,2100.340088
2015-02-18,127.06305800000001,42.965595,2099.679932
2015-02-19,126.79653,42.935984999999995,2097.449951
2015-02-20,127.833017,43.291318,2110.300049
2015-02-23,131.287963,43.577559,2109.659912
2015-02-24,130.468645,43.518335,2115.47998
2015-02-25,127.13215,43.419634,2113.860107
2015-02-26,128.741172,43.488726,2110.73999
2015-02-27,126.80641100000001,43.281446,2104.5
2015-03-02,127.42829099999999,43.311059,2117.389893
2015-03-03,127.694819,42.718835999999996,2107.780029
2015-03-04,126.885368,42.501692,2098.530029
2015-03-05,124.78279599999999,42.551041999999995,2101.040039
2015-03-06,124.970345,41.810767,2071.26001
2015-03-09,125.503395,42.294411,2079.429932
2015-03-10,122.907252,41.485044,2044.160034
2015-03-11,120.66646899999999,41.435693,2040.2399899999998
2015-03-12,122.84801999999999,40.488141,2065.949951
2015-03-13,121.99908899999998,40.843474,2053.399902
2015-03-16,123.34158300000001,41.02114,2081.189941
2015-03-17,125.404684,41.159324,2074.280029
2015-03-18,126.816277,41.948951,2099.5
2015-03-19,125.85876200000001,41.741675,2089.27002
2015-03-20,124.27935900000001,42.324025,2108.100098
2015-03-23,125.57249399999999,42.304284,2104.419922
2015-03-24,125.059191,42.343765999999995,2091.5
2015-03-25,121.791793,40.922435,2061.050049
2015-03-26,122.640724,40.675676,2056.149902
2015-03-27,121.66346999999999,40.438790000000004,2061.02002
2015-03-30,124.74331000000001,40.428917999999996,2086.23999
2015-03-31,122.82828,40.132808000000004,2067.889893
2015-04-01,122.65059699999999,40.192031,2059.689941
2015-04-02,123.706823,39.767606,2066.959961
2015-04-06,125.710691,41.011268,2080.6201170000004
2015-04-07,124.38794399999999,40.991527000000005,2076.330078
2015-04-08,123.983218,40.882952,2081.899902
2015-04-09,124.93085900000001,40.942176,2091.179932
2015-04-10,125.46390900000002,41.179066,2102.060059
2015-04-13,125.217127,41.218544,2092.429932
2015-04-14,124.67421200000001,41.109974,2095.840088
2015-04-15,125.14802900000001,41.712061,2106.6298829999996
2015-04-16,124.54588000000001,41.613359,2104.98999
2015-04-17,123.14416100000001,41.08036,2081.179932
2015-04-20,125.957473,42.353635,2100.399902
2015-04-21,125.27636000000001,42.087134999999996,2097.290039
2015-04-22,126.96433999999999,42.432598999999996,2107.959961
2015-04-23,128.00082700000002,42.778059999999996,2112.929932
2015-04-24,128.602975,47.249323,2117.689941
2015-04-27,130.942462,47.407249,2108.919922
2015-04-28,128.87937,48.522597999999995,2114.76001
2015-04-29,126.984086,48.423896,2106.850098
2015-04-30,123.53901299999998,48.00934,2085.51001
2015-05-01,127.290094,48.029081,2108.290039
2015-05-04,127.04331200000001,47.614529,2114.48999
2015-05-05,124.180648,46.982824,2089.459961
2015-05-06,123.40081599999999,45.679939000000005,2080.149902
2015-05-07,124.16408600000001,46.094495,2088.0
2015-05-08,126.50343899999999,47.13088,2116.100098
2015-05-11,125.21481000000001,46.755806,2105.330078
2015-05-12,124.76875,46.736065,2099.1201170000004
2015-05-13,124.907525,47.012437,2098.47998
2015-05-14,127.821797,48.088305,2121.100098
2015-05-15,127.64337900000001,47.673747999999996,2122.72998
2015-05-18,129.050954,47.387508000000004,2129.199951
2015-05-19,128.932008,47.268298,2127.830078
2015-05-20,128.922086,47.268298,2125.850098
2015-05-21,130.240452,47.109343,2130.820068
2015-05-22,131.38038400000002,46.592753,2126.060059
2015-05-26,128.48593300000002,46.284782,2104.199951
2015-05-27,130.884759,47.298101,2123.47998
2015-05-28,130.627039,47.139148999999996,2120.790039
2015-05-29,129.140162,46.553014000000005,2107.389893
2015-06-01,129.397882,46.920589,2111.72998
2015-06-02,128.82297,46.612618,2109.600098
2015-06-03,128.981559,46.543077000000004,2114.070068
2015-06-04,128.22821299999998,46.056289,2095.840088
2015-06-05,127.524419,45.837728999999996,2092.830078
2015-06-08,126.68186499999999,45.430415999999994,2079.280029
2015-06-09,126.30518400000001,45.350941999999996,2080.149902
2015-06-10,127.752417,46.304652000000004,2105.199951
2015-06-11,127.464946,46.135763,2108.860107
2015-06-12,126.057372,45.668845000000005,2094.110107
2015-06-15,125.80955900000001,45.182053,2084.429932
2015-06-16,126.48361000000001,45.529763,2096.290039
2015-06-17,126.18623899999999,45.668845000000005,2100.439941
2015-06-18,126.761159,46.413932,2121.23999
2015-06-19,125.49235900000001,45.797990999999996,2109.98999
2015-06-22,126.493524,45.92714,2122.850098
2015-06-23,125.91859699999999,45.609237,2124.199951
2015-06-24,126.98915,45.341004999999996,2108.580078
2015-06-25,126.38448600000001,45.350941999999996,2102.310059
2015-06-26,125.641048,44.963493,2101.610107
2015-06-29,123.44046999999999,44.079325,2057.639893
2015-06-30,124.33259699999999,43.860768,2063.110107
2015-07-01,125.49235900000001,44.158802,2077.419922
2015-07-02,125.33376299999999,44.109131,2076.780029
2015-07-06,124.89761000000001,44.099194,2068.76001
2015-07-07,124.590325,44.009783,2081.340088
2015-07-08,121.497619,43.950179,2046.680054
2015-07-09,119.019492,44.228343,2051.310059
2015-07-10,122.201406,44.317754,2076.6201170000004
2015-07-13,124.560588,45.241662,2099.600098
2015-07-14,124.511023,45.321135999999996,2108.949951
2015-07-15,125.710435,45.460218,2107.399902
2015-07-16,127.385644,46.354323,2124.290039
2015-07-17,128.48593300000002,46.314584,2126.639893
2015-07-20,130.91451,46.612618,2128.280029
2015-07-21,129.606052,46.970261,2119.209961
2015-07-22,124.124435,45.241662,2114.149902
2015-07-23,124.06496299999999,45.807927,2102.149902
2015-07-24,123.410734,45.639039000000004,2079.649902
2015-07-27,121.695866,45.052904,2067.639893
2015-07-28,122.30053000000001,45.042971,2093.25
2015-07-29,121.91394299999999,45.986748,2108.570068
2015-07-30,121.29937199999999,46.572883000000004,2108.6298829999996
2015-07-31,120.23873400000001,46.394062,2103.840088
2015-08-03,117.403756,46.503341999999996,2098.040039
2015-08-04,113.636999,47.228559000000004,2093.320068
2015-08-05,114.39035200000001,47.268298,2099.840088
2015-08-06,114.63928200000001,46.314584,2083.560059
2015-08-07,115.027619,46.433801,2077.570068
2015-08-10,119.209722,47.019936,2104.179932
2015-08-11,113.006273,46.105961,2084.070068
2015-08-12,114.748814,46.433801,2086.050049
2015-08-13,114.659201,46.423864,2083.389893
2015-08-14,115.465746,46.692096,2091.540039
2015-08-17,116.66063600000001,47.009999,2102.439941
2015-08-18,116.003446,47.27,2096.919922
2015-08-19,114.519799,46.610001000000004,2079.610107
2015-08-20,112.16985700000001,45.66,2035.72998
2015-08-21,105.309225,43.07,1970.890015
2015-08-24,102.68047800000001,41.68,1893.209961
2015-08-25,103.29783,40.470001,1867.609985
2015-08-26,109.222474,42.709998999999996,1940.5100100000002
2015-08-27,112.438703,43.900002,1987.660034
2015-08-28,112.807129,43.93,1988.869995
2015-08-31,112.279389,43.52,1972.180054
2015-09-01,107.26087,41.82,1913.8499760000002
2015-09-02,111.861173,43.360001000000004,1948.859985
2015-09-03,109.899576,43.5,1951.130005
2015-09-04,108.804259,42.610001000000004,1921.219971
2015-09-08,111.83130200000001,43.889998999999996,1969.410034
2015-09-09,109.68051299999999,43.07,1942.040039
2015-09-10,112.09019599999999,43.290001000000004,1952.290039
2015-09-11,113.72320500000001,43.48,1961.050049
2015-09-14,114.81851499999999,43.040001000000004,1953.030029
2015-09-15,115.78438200000001,43.98,1978.089966
2015-09-16,115.91383300000001,44.299999,1995.310059
2015-09-17,113.43444099999999,44.25,1990.199951
2015-09-18,112.966443,43.48,1958.0799559999998
2015-09-21,114.718943,44.110001000000004,1966.969971
2015-09-22,112.91666000000001,43.900002,1942.7399899999998
2015-09-23,113.83273700000001,43.869999,1938.7600100000002
2015-09-24,114.50983899999999,43.91,1932.2399899999998
2015-09-25,114.221074,43.939999,1931.339966
2015-09-28,111.960753,43.290001000000004,1881.77002
2015-09-29,108.595155,43.439999,1884.089966
2015-09-30,109.829875,44.259997999999996,1920.030029
2015-10-01,109.11294199999999,44.610001000000004,1923.819946
2015-10-02,109.90952800000001,45.57,1951.359985
2015-10-05,110.307825,46.630001,1987.050049
2015-10-06,110.83556399999999,46.75,1979.9200440000002
2015-10-07,110.307825,46.799999,1995.8299559999998
2015-10-08,109.033282,47.450001,2013.430054
2015-10-09,111.642117,47.110001000000004,2014.890015
2015-10-12,111.124329,47.0,2017.459961
2015-10-13,111.31352199999999,46.889998999999996,2003.689941
2015-10-14,109.74025400000001,46.68,1994.2399899999998
2015-10-15,111.383223,47.009997999999996,2023.859985
2015-10-16,110.56671899999999,47.509997999999996,2033.109985
2015-10-19,111.25378,47.619999,2033.660034
2015-10-20,113.285078,47.77,2030.77002
2015-10-21,113.275126,47.200001,2018.939941
2015-10-22,115.00770800000001,48.029999,2052.51001
2015-10-23,118.572451,52.869999,2075.149902
2015-10-26,114.78864399999999,54.25,2071.179932
2015-10-27,114.06176,53.689999,2065.889893
2015-10-28,118.76163600000001,53.98,2090.350098
2015-10-29,120.016268,53.360001000000004,2089.409912
2015-10-30,118.99065900000001,52.639998999999996,2079.360107
2015-11-02,120.663499,53.240002000000004,2104.050049
2015-11-03,122.047573,54.150002,2109.790039
2015-11-04,121.480003,54.400002,2102.310059
2015-11-05,120.91999799999999,54.380001,2099.929932
2015-11-06,121.059998,54.919998,2099.199951
2015-11-09,120.57,54.16,2078.580078
2015-11-10,116.769997,53.509997999999996,2081.719971
2015-11-11,116.110001,53.650002,2075.0
2015-11-12,115.720001,53.32,2045.969971
2015-11-13,112.339996,52.84,2023.040039
